file,notice,paragraph_id,zone,label,status,candidate,concept_uri,detail
AdlFI_PACA_2023_prepared.xml,Allemagne-en-Provence – Église Notre-Dame,p5,subjects,église,indexed_exact,,https://ark.frantiq.fr/ark:/26678/pcrtoV7zLJpAfX,
AdlFI_PACA_2023_prepared.xml,Allemagne-en-Provence – Église Notre-Dame,p5,subjects,sépulture à inhumation,indexed_exact,,https://ark.frantiq.fr/ark:/26678/pcrt8p3mfhtf65,
AdlFI_PACA_2023_prepared.xml,Allemagne-en-Provence – Église Notre-Dame,p5,subjects,sépulture d’immature,indexed_typographic,sépulture d'immature,https://ark.frantiq.fr/ark:/26678/pcrtVjzPFoOkpk,
AdlFI_PACA_2023_prepared.xml,Allemagne-en-Provence – Église Notre-Dame,p6,chronology,Moyen Âge classique,indexed_typographic,Moyen Âge classique,https://ark.frantiq.fr/ark:/26678/pcrtAjWBVFSefH,
AdlFI_PACA_2023_prepared.xml,Allemagne-en-Provence – Église Notre-Dame,p6,chronology,époque moderne,indexed_exact,,https://ark.frantiq.fr/ark:/26678/pcrtPSEEZSBEJp,
AdlFI_PACA_2023_prepared.xml,Allemagne-en-Provence – Église Notre-Dame,p9,fieldwork_method,fouille programmée,indexed_exact,,https://ark.frantiq.fr/ark:/26678/crtSrWQs2w2KV,
AdlFI_PACA_2023_prepared.xml,Allemagne-en-Provence – Notre-Dame nord,p20,subjects,habitat,indexed_exact,,https://ark.frantiq.fr/ark:/26678/pcrtbptj4SOA1W,
AdlFI_PACA_2023_prepared.xml,Allemagne-en-Provence – Notre-Dame nord,p20,subjects,maison,indexed_exact,,https://ark.frantiq.fr/ark:/26678/pcrtaGBUR5Ekx1,
AdlFI_PACA_2023_prepared.xml,Allemagne-en-Provence – Notre-Dame nord,p20,subjects,fosse,indexed_exact,,https://ark.frantiq.fr/ark:/26678/pcrtms2OAv82PY,
AdlFI_PACA_2023_prepared.xml,Allemagne-en-Provence – Notre-Dame nord,p20,subjects,trou de poteau,indexed_exact,,https://ark.frantiq.fr/ark:/26678/pcrtFnKonRZjWY,
AdlFI_PACA_2023_prepared.xml,Allemagne-en-Provence – Notre-Dame nord,p20,subjects,structure de combustion,indexed_exact,,https://ark.frantiq.fr/ark:/26678/pcrtJUwAaZ7Nz9,
AdlFI_PACA_2023_prepared.xml,Allemagne-en-Provence – Notre-Dame nord,p20,subjects,four,indexed_exact,,https://ark.frantiq.fr/ark:/26678/pcrtIqEHwJLuq0,
AdlFI_PACA_2023_prepared.xml,Allemagne-en-Provence – Notre-Dame nord,p24,fieldwork_method,fouille programmée,indexed_exact,,https://ark.frantiq.fr/ark:/26678/crtSrWQs2w2KV,
AdlFI_PACA_2023_prepared.xml,La Brillanne – Le village 1,p34,subjects,paléochenal,indexed_exact,,https://ark.frantiq.fr/ark:/26678/pcrtiMWSFc5fJ2,
AdlFI_PACA_2023_prepared.xml,La Brillanne – Le village 1,p34,subjects,mur,indexed_exact,,https://ark.frantiq.fr/ark:/26678/pcrtIxHmbVwDYW,
AdlFI_PACA_2023_prepared.xml,La Brillanne – Le village 1,p35,chronology,époque moderne,indexed_exact,,https://ark.frantiq.fr/ark:/26678/pcrtPSEEZSBEJp,
AdlFI_PACA_2023_prepared.xml,La Brillanne – Le village 1,p35,chronology,époque contemporaine,indexed_exact,,https://ark.frantiq.fr/ark:/26678/pcrt59R77d1H15,
AdlFI_PACA_2023_prepared.xml,La Brillanne – Le village 1,p39,fieldwork_method,opération de diagnostic,indexed_exact,,https://ark.frantiq.fr/ark:/26678/pcrtWWQS75V5Bc,
AdlFI_PACA_2023_prepared.xml,Castellane – Notre-Dame-du-Roc,p47,subjects,chapelle castrale,indexed_exact,,https://ark.frantiq.fr/ark:/26678/pcrtRiXsvRp8uK,
AdlFI_PACA_2023_prepared.xml,Castellane – Notre-Dame-du-Roc,p48,chronology,Moyen Âge classique,indexed_typographic,Moyen Âge classique,https://ark.frantiq.fr/ark:/26678/pcrtAjWBVFSefH,
AdlFI_PACA_2023_prepared.xml,Castellane – Notre-Dame-du-Roc,p48,chronology,époque contemporaine,indexed_exact,,https://ark.frantiq.fr/ark:/26678/pcrt59R77d1H15,
AdlFI_PACA_2023_prepared.xml,Castellane – Notre-Dame-du-Roc,p52,fieldwork_method,opération de diagnostic,indexed_exact,,https://ark.frantiq.fr/ark:/26678/pcrtWWQS75V5Bc,
AdlFI_PACA_2023_prepared.xml,Corbières-en-Provence – Saint-Brice,p62,subjects,fosse,indexed_exact,,https://ark.frantiq.fr/ark:/26678/pcrtms2OAv82PY,
AdlFI_PACA_2023_prepared.xml,Corbières-en-Provence – Saint-Brice,p62,subjects,trou de poteau,indexed_exact,,https://ark.frantiq.fr/ark:/26678/pcrtFnKonRZjWY,
AdlFI_PACA_2023_prepared.xml,Corbières-en-Provence – Saint-Brice,p62,subjects,structure à pierres chauffées,indexed_exact,,https://ark.frantiq.fr/ark:/26678/pcrtf6v9v8kp6zb5bwxk2pv6,
AdlFI_PACA_2023_prepared.xml,Corbières-en-Provence – Saint-Brice,p63,chronology,Néolithique moyen,indexed_exact,,https://ark.frantiq.fr/ark:/26678/pcrt2Da0ASe5sL,
AdlFI_PACA_2023_prepared.xml,Corbières-en-Provence – Saint-Brice,p63,chronology,âge du Fer,indexed_typographic,âge du fer,https://ark.frantiq.fr/ark:/26678/pcrtW9SpIgIk7Q,
AdlFI_PACA_2023_prepared.xml,Corbières-en-Provence – Saint-Brice,p67,fieldwork_method,opération de diagnostic,indexed_exact,,https://ark.frantiq.fr/ark:/26678/pcrtWWQS75V5Bc,
AdlFI_PACA_2023_prepared.xml,Digne-les-Bains – Collège Borrély 2,p79,subjects,habitation,indexed_exact,,https://ark.frantiq.fr/ark:/26678/pcrtSxe2PZMWR8,
AdlFI_PACA_2023_prepared.xml,Digne-les-Bains – Collège Borrély 2,p79,subjects,fosse,indexed_exact,,https://ark.frantiq.fr/ark:/26678/pcrtms2OAv82PY,
AdlFI_PACA_2023_prepared.xml,Digne-les-Bains – Collège Borrély 2,p79,subjects,silo,indexed_exact,,https://ark.frantiq.fr/ark:/26678/pcrtdgALrHBSlv,
AdlFI_PACA_2023_prepared.xml,Digne-les-Bains – Collège Borrély 2,p79,subjects,fondation de bâtiment,indexed_exact,,https://ark.frantiq.fr/ark:/26678/pcrtBedPXm0UJJ,
AdlFI_PACA_2023_prepared.xml,Digne-les-Bains – Collège Borrély 2,p79,subjects,bassin,not_found,,,"aucun prefLabel ou altLabel français actif, exact ou équivalent typographique unique ; XML laissé inchangé"
AdlFI_PACA_2023_prepared.xml,Digne-les-Bains – Collège Borrély 2,p79,subjects,canalisation,indexed_exact,,https://ark.frantiq.fr/ark:/26678/pcrtgJvAbEFhK7,
AdlFI_PACA_2023_prepared.xml,Digne-les-Bains – Collège Borrély 2,p79,subjects,four,indexed_exact,,https://ark.frantiq.fr/ark:/26678/pcrtIqEHwJLuq0,
AdlFI_PACA_2023_prepared.xml,Digne-les-Bains – Collège Borrély 2,p79,subjects,lampe à huile,indexed_exact,,https://ark.frantiq.fr/ark:/26678/pcrtlKNhumKaYq,
AdlFI_PACA_2023_prepared.xml,Digne-les-Bains – Collège Borrély 2,p79,subjects,cruche,indexed_exact,,https://ark.frantiq.fr/ark:/26678/pcrtq20N5kcw0H,
AdlFI_PACA_2023_prepared.xml,Digne-les-Bains – Collège Borrély 2,p80,chronology,Haut-Empire romain,indexed_exact,,https://ark.frantiq.fr/ark:/26678/pcrtH5r3FYBpwe,
AdlFI_PACA_2023_prepared.xml,Digne-les-Bains – Collège Borrély 2,p80,chronology,haut Moyen Âge,indexed_typographic,haut Moyen Âge,https://ark.frantiq.fr/ark:/26678/pcrtOA7J729U5c,
AdlFI_PACA_2023_prepared.xml,Digne-les-Bains – Collège Borrély 2,p80,chronology,époque moderne,indexed_exact,,https://ark.frantiq.fr/ark:/26678/pcrtPSEEZSBEJp,
AdlFI_PACA_2023_prepared.xml,Digne-les-Bains – Collège Borrély 2,p80,chronology,époque contemporaine,indexed_exact,,https://ark.frantiq.fr/ark:/26678/pcrt59R77d1H15,
AdlFI_PACA_2023_prepared.xml,Digne-les-Bains – Collège Borrély 2,p84,fieldwork_method,opération de diagnostic,indexed_exact,,https://ark.frantiq.fr/ark:/26678/pcrtWWQS75V5Bc,
AdlFI_PACA_2023_prepared.xml,Draix – Territoire communal,p102,subjects,moulin hydraulique,indexed_altlabel,moulin à eau,https://ark.frantiq.fr/ark:/26678/pcrt6oKbFdZxqF,enrichissement effectué depuis un skos:altLabel français
AdlFI_PACA_2023_prepared.xml,Draix – Territoire communal,p102,subjects,four,indexed_exact,,https://ark.frantiq.fr/ark:/26678/pcrtIqEHwJLuq0,
AdlFI_PACA_2023_prepared.xml,Draix – Territoire communal,p102,subjects,industrie lithique,indexed_exact,,https://ark.frantiq.fr/ark:/26678/pcrtbfqVEeganP,
AdlFI_PACA_2023_prepared.xml,Draix – Territoire communal,p102,subjects,tegula,indexed_exact,,https://ark.frantiq.fr/ark:/26678/pcrtfJZc0WN1Td,
AdlFI_PACA_2023_prepared.xml,Draix – Territoire communal,p103,chronology,Préhistoire,indexed_exact,,https://ark.frantiq.fr/ark:/26678/pcrtwpx5MU2hlw,
AdlFI_PACA_2023_prepared.xml,Draix – Territoire communal,p103,chronology,Protohistoire,indexed_exact,,https://ark.frantiq.fr/ark:/26678/pcrtHlenwSnkDM,
AdlFI_PACA_2023_prepared.xml,Draix – Territoire communal,p103,chronology,Antiquité romaine,indexed_exact,,https://ark.frantiq.fr/ark:/26678/pcrtZTmusVUU24,
AdlFI_PACA_2023_prepared.xml,Draix – Territoire communal,p103,chronology,haut Moyen Âge,indexed_typographic,haut Moyen Âge,https://ark.frantiq.fr/ark:/26678/pcrtOA7J729U5c,
AdlFI_PACA_2023_prepared.xml,Draix – Territoire communal,p103,chronology,Moyen Âge classique,indexed_typographic,Moyen Âge classique,https://ark.frantiq.fr/ark:/26678/pcrtAjWBVFSefH,
AdlFI_PACA_2023_prepared.xml,Draix – Territoire communal,p103,chronology,époque moderne,indexed_exact,,https://ark.frantiq.fr/ark:/26678/pcrtPSEEZSBEJp,
AdlFI_PACA_2023_prepared.xml,Draix – Territoire communal,p103,chronology,époque contemporaine,indexed_exact,,https://ark.frantiq.fr/ark:/26678/pcrt59R77d1H15,
AdlFI_PACA_2023_prepared.xml,Draix – Territoire communal,p106,fieldwork_method,prospection inventaire,indexed_exact,,https://ark.frantiq.fr/ark:/26678/crtBhWSZf1tw8,
AdlFI_PACA_2023_prepared.xml,Forcalquier – Notre-Dame-du-Bourguet,p117,subjects,cathédrale,indexed_exact,,https://ark.frantiq.fr/ark:/26678/pcrtAhnxMt1kMc,
AdlFI_PACA_2023_prepared.xml,Forcalquier – Notre-Dame-du-Bourguet,p117,subjects,puits à eau,indexed_exact,,https://ark.frantiq.fr/ark:/26678/pcrtiS8Ollckzn,
AdlFI_PACA_2023_prepared.xml,Forcalquier – Notre-Dame-du-Bourguet,p118,chronology,Moyen Âge classique,indexed_typographic,Moyen Âge classique,https://ark.frantiq.fr/ark:/26678/pcrtAjWBVFSefH,
AdlFI_PACA_2023_prepared.xml,Forcalquier – Notre-Dame-du-Bourguet,p118,chronology,époque moderne,indexed_exact,,https://ark.frantiq.fr/ark:/26678/pcrtPSEEZSBEJp,
AdlFI_PACA_2023_prepared.xml,Forcalquier – Notre-Dame-du-Bourguet,p122,fieldwork_method,fouille préventive,indexed_exact,,https://ark.frantiq.fr/ark:/26678/pcrtcJxzOpgs7T,
AdlFI_PACA_2023_prepared.xml,Forcalquier – Porte des Cordeliers,p134,subjects,voie de communication,indexed_exact,,https://ark.frantiq.fr/ark:/26678/pcrtjclbYvph1S,
AdlFI_PACA_2023_prepared.xml,Forcalquier – Porte des Cordeliers,p134,subjects,porte monumentale,indexed_exact,,https://ark.frantiq.fr/ark:/26678/pcrtVeZQVh7enW,
AdlFI_PACA_2023_prepared.xml,Forcalquier – Porte des Cordeliers,p134,subjects,habitation,indexed_exact,,https://ark.frantiq.fr/ark:/26678/pcrtSxe2PZMWR8,
AdlFI_PACA_2023_prepared.xml,Forcalquier – Porte des Cordeliers,p135,chronology,bas Moyen Âge,indexed_typographic,bas Moyen Âge,https://ark.frantiq.fr/ark:/26678/pcrtkWqzTusoxz,
AdlFI_PACA_2023_prepared.xml,Forcalquier – Porte des Cordeliers,p135,chronology,époque moderne,indexed_exact,,https://ark.frantiq.fr/ark:/26678/pcrtPSEEZSBEJp,
AdlFI_PACA_2023_prepared.xml,Forcalquier – Porte des Cordeliers,p139,fieldwork_method,opération de diagnostic,indexed_exact,,https://ark.frantiq.fr/ark:/26678/pcrtWWQS75V5Bc,
AdlFI_PACA_2023_prepared.xml,Le Fugeret – Chapelle Saint-Sauveur,p150,subjects,chapelle,indexed_exact,,https://ark.frantiq.fr/ark:/26678/pcrtXbnSYWENsu,
AdlFI_PACA_2023_prepared.xml,Le Fugeret – Chapelle Saint-Sauveur,p151,chronology,époque médiévale,indexed_exact,,https://ark.frantiq.fr/ark:/26678/pcrtAQyKm9qosx,
AdlFI_PACA_2023_prepared.xml,Le Fugeret – Chapelle Saint-Sauveur,p151,chronology,époque moderne,indexed_exact,,https://ark.frantiq.fr/ark:/26678/pcrtPSEEZSBEJp,
AdlFI_PACA_2023_prepared.xml,Le Fugeret – Chapelle Saint-Sauveur,p154,fieldwork_method,prospection inventaire,indexed_exact,,https://ark.frantiq.fr/ark:/26678/crtBhWSZf1tw8,
AdlFI_PACA_2023_prepared.xml,Gréoux-les-Bains – Le château,p171,subjects,château,indexed_exact,,https://ark.frantiq.fr/ark:/26678/pcrtRFSvuXH6BD,
AdlFI_PACA_2023_prepared.xml,Gréoux-les-Bains – Le château,p171,subjects,tour défensive,indexed_exact,,https://ark.frantiq.fr/ark:/26678/pcrtMvZR1GMyI3,
AdlFI_PACA_2023_prepared.xml,Gréoux-les-Bains – Le château,p171,subjects,escalier,indexed_exact,,https://ark.frantiq.fr/ark:/26678/pcrt9rY1ZcA6mi,
AdlFI_PACA_2023_prepared.xml,Gréoux-les-Bains – Le château,p172,chronology,bas Moyen Âge,indexed_typographic,bas Moyen Âge,https://ark.frantiq.fr/ark:/26678/pcrtkWqzTusoxz,
AdlFI_PACA_2023_prepared.xml,Gréoux-les-Bains – Le château,p172,chronology,époque moderne,indexed_exact,,https://ark.frantiq.fr/ark:/26678/pcrtPSEEZSBEJp,
AdlFI_PACA_2023_prepared.xml,Gréoux-les-Bains – Le château,p176,fieldwork_method,fouille préventive,indexed_exact,,https://ark.frantiq.fr/ark:/26678/pcrtcJxzOpgs7T,
AdlFI_PACA_2023_prepared.xml,Gréoux-les-Bains – Le Paradis 2,p187,subjects,horreum,indexed_exact,,https://ark.frantiq.fr/ark:/26678/pcrt8gP3z538ei,
AdlFI_PACA_2023_prepared.xml,Gréoux-les-Bains – Le Paradis 2,p187,subjects,fossé,not_found,,,"aucun prefLabel ou altLabel français actif, exact ou équivalent typographique unique ; XML laissé inchangé"
AdlFI_PACA_2023_prepared.xml,Gréoux-les-Bains – Le Paradis 2,p187,subjects,fosse,indexed_exact,,https://ark.frantiq.fr/ark:/26678/pcrtms2OAv82PY,
AdlFI_PACA_2023_prepared.xml,Gréoux-les-Bains – Le Paradis 2,p187,subjects,trou de poteau,indexed_exact,,https://ark.frantiq.fr/ark:/26678/pcrtFnKonRZjWY,
AdlFI_PACA_2023_prepared.xml,Gréoux-les-Bains – Le Paradis 2,p187,subjects,silo,indexed_exact,,https://ark.frantiq.fr/ark:/26678/pcrtdgALrHBSlv,
AdlFI_PACA_2023_prepared.xml,Gréoux-les-Bains – Le Paradis 2,p187,subjects,drain,indexed_exact,,https://ark.frantiq.fr/ark:/26678/pcrtthlTfnSHQp,
AdlFI_PACA_2023_prepared.xml,Gréoux-les-Bains – Le Paradis 2,p187,subjects,mur,indexed_exact,,https://ark.frantiq.fr/ark:/26678/pcrtIxHmbVwDYW,
AdlFI_PACA_2023_prepared.xml,Gréoux-les-Bains – Le Paradis 2,p187,subjects,dolium,indexed_exact,,https://ark.frantiq.fr/ark:/26678/pcrtrmZTScioB8,
AdlFI_PACA_2023_prepared.xml,Gréoux-les-Bains – Le Paradis 2,p188,chronology,Haut-Empire romain,indexed_exact,,https://ark.frantiq.fr/ark:/26678/pcrtH5r3FYBpwe,
AdlFI_PACA_2023_prepared.xml,Gréoux-les-Bains – Le Paradis 2,p188,chronology,Antiquité tardive,indexed_exact,,https://ark.frantiq.fr/ark:/26678/pcrtwopiLhK1Ek,
AdlFI_PACA_2023_prepared.xml,Gréoux-les-Bains – Le Paradis 2,p188,chronology,époque médiévale,indexed_exact,,https://ark.frantiq.fr/ark:/26678/pcrtAQyKm9qosx,
AdlFI_PACA_2023_prepared.xml,Gréoux-les-Bains – Le Paradis 2,p192,fieldwork_method,opération de diagnostic,indexed_exact,,https://ark.frantiq.fr/ark:/26678/pcrtWWQS75V5Bc,
AdlFI_PACA_2023_prepared.xml,Limans – Église Saint-Georges,p199,subjects,église,indexed_exact,,https://ark.frantiq.fr/ark:/26678/pcrtoV7zLJpAfX,
AdlFI_PACA_2023_prepared.xml,Limans – Église Saint-Georges,p199,subjects,sépulture,indexed_exact,,https://ark.frantiq.fr/ark:/26678/pcrt795b632nWw,
AdlFI_PACA_2023_prepared.xml,Limans – Église Saint-Georges,p199,subjects,sculpture,indexed_exact,,https://ark.frantiq.fr/ark:/26678/pcrt4rR2kyMQuW,
AdlFI_PACA_2023_prepared.xml,Limans – Église Saint-Georges,p200,chronology,haut Moyen Âge,indexed_typographic,haut Moyen Âge,https://ark.frantiq.fr/ark:/26678/pcrtOA7J729U5c,
AdlFI_PACA_2023_prepared.xml,Limans – Église Saint-Georges,p200,chronology,Moyen Âge classique,indexed_typographic,Moyen Âge classique,https://ark.frantiq.fr/ark:/26678/pcrtAjWBVFSefH,
AdlFI_PACA_2023_prepared.xml,Limans – Église Saint-Georges,p204,fieldwork_method,opération de diagnostic,indexed_exact,,https://ark.frantiq.fr/ark:/26678/pcrtWWQS75V5Bc,
AdlFI_PACA_2023_prepared.xml,Mane – Saint-Laurent,p217,subjects,église,indexed_exact,,https://ark.frantiq.fr/ark:/26678/pcrtoV7zLJpAfX,
AdlFI_PACA_2023_prepared.xml,Mane – Saint-Laurent,p217,subjects,sépulture,indexed_exact,,https://ark.frantiq.fr/ark:/26678/pcrt795b632nWw,
AdlFI_PACA_2023_prepared.xml,Mane – Saint-Laurent,p217,subjects,trou de poteau,indexed_exact,,https://ark.frantiq.fr/ark:/26678/pcrtFnKonRZjWY,
AdlFI_PACA_2023_prepared.xml,Mane – Saint-Laurent,p217,subjects,silo,indexed_exact,,https://ark.frantiq.fr/ark:/26678/pcrtdgALrHBSlv,
AdlFI_PACA_2023_prepared.xml,Mane – Saint-Laurent,p217,subjects,four,indexed_exact,,https://ark.frantiq.fr/ark:/26678/pcrtIqEHwJLuq0,
AdlFI_PACA_2023_prepared.xml,Mane – Saint-Laurent,p218,chronology,haut Moyen Âge,indexed_typographic,haut Moyen Âge,https://ark.frantiq.fr/ark:/26678/pcrtOA7J729U5c,
AdlFI_PACA_2023_prepared.xml,Mane – Saint-Laurent,p218,chronology,Moyen Âge classique,indexed_typographic,Moyen Âge classique,https://ark.frantiq.fr/ark:/26678/pcrtAjWBVFSefH,
AdlFI_PACA_2023_prepared.xml,Mane – Saint-Laurent,p222,fieldwork_method,opération de diagnostic,indexed_exact,,https://ark.frantiq.fr/ark:/26678/pcrtWWQS75V5Bc,
AdlFI_PACA_2023_prepared.xml,"Manosque – Voirie, centre médiéval",p231,subjects,îlot urbain,indexed_exact,,https://ark.frantiq.fr/ark:/26678/pcrtSmefwuwa97,
AdlFI_PACA_2023_prepared.xml,"Manosque – Voirie, centre médiéval",p231,subjects,rempart,indexed_exact,,https://ark.frantiq.fr/ark:/26678/pcrtMmh3cNfKb3,
AdlFI_PACA_2023_prepared.xml,"Manosque – Voirie, centre médiéval",p231,subjects,église,indexed_exact,,https://ark.frantiq.fr/ark:/26678/pcrtoV7zLJpAfX,
AdlFI_PACA_2023_prepared.xml,"Manosque – Voirie, centre médiéval",p231,subjects,cimetière chrétien,indexed_exact,,https://ark.frantiq.fr/ark:/26678/pcrtSDmqv2zljj,
AdlFI_PACA_2023_prepared.xml,"Manosque – Voirie, centre médiéval",p231,subjects,sépulture,indexed_exact,,https://ark.frantiq.fr/ark:/26678/pcrt795b632nWw,
AdlFI_PACA_2023_prepared.xml,"Manosque – Voirie, centre médiéval",p231,subjects,maison,indexed_exact,,https://ark.frantiq.fr/ark:/26678/pcrtaGBUR5Ekx1,
AdlFI_PACA_2023_prepared.xml,"Manosque – Voirie, centre médiéval",p231,subjects,cave,indexed_exact,,https://ark.frantiq.fr/ark:/26678/pcrtHcRTVDR1pt,
AdlFI_PACA_2023_prepared.xml,"Manosque – Voirie, centre médiéval",p231,subjects,canalisation,indexed_exact,,https://ark.frantiq.fr/ark:/26678/pcrtgJvAbEFhK7,
AdlFI_PACA_2023_prepared.xml,"Manosque – Voirie, centre médiéval",p231,subjects,citerne,indexed_exact,,https://ark.frantiq.fr/ark:/26678/pcrtyXVLlmyt3F,
AdlFI_PACA_2023_prepared.xml,"Manosque – Voirie, centre médiéval",p231,subjects,mur,indexed_exact,,https://ark.frantiq.fr/ark:/26678/pcrtIxHmbVwDYW,
AdlFI_PACA_2023_prepared.xml,"Manosque – Voirie, centre médiéval",p232,chronology,Moyen Âge classique,indexed_typographic,Moyen Âge classique,https://ark.frantiq.fr/ark:/26678/pcrtAjWBVFSefH,
AdlFI_PACA_2023_prepared.xml,"Manosque – Voirie, centre médiéval",p232,chronology,bas Moyen Âge,indexed_typographic,bas Moyen Âge,https://ark.frantiq.fr/ark:/26678/pcrtkWqzTusoxz,
AdlFI_PACA_2023_prepared.xml,"Manosque – Voirie, centre médiéval",p232,chronology,époque moderne,indexed_exact,,https://ark.frantiq.fr/ark:/26678/pcrtPSEEZSBEJp,
AdlFI_PACA_2023_prepared.xml,"Manosque – Voirie, centre médiéval",p232,chronology,époque contemporaine,indexed_exact,,https://ark.frantiq.fr/ark:/26678/pcrt59R77d1H15,
AdlFI_PACA_2023_prepared.xml,"Manosque – Voirie, centre médiéval",p236,fieldwork_method,opération de diagnostic,indexed_exact,,https://ark.frantiq.fr/ark:/26678/pcrtWWQS75V5Bc,
AdlFI_PACA_2023_prepared.xml,Méailles – Grotte de Pertus II,p263,subjects,habitat rupestre,indexed_altlabel,habitat troglodytique,https://ark.frantiq.fr/ark:/26678/crtto8Av9mkJD,enrichissement effectué depuis un skos:altLabel français
AdlFI_PACA_2023_prepared.xml,Méailles – Grotte de Pertus II,p263,subjects,peinture rupestre,indexed_exact,,https://ark.frantiq.fr/ark:/26678/pcrtGQAvQ8BYiP,
AdlFI_PACA_2023_prepared.xml,Méailles – Grotte de Pertus II,p264,chronology,Néolithique,indexed_exact,,https://ark.frantiq.fr/ark:/26678/pcrtH8P95EucZz,
AdlFI_PACA_2023_prepared.xml,Méailles – Grotte de Pertus II,p264,chronology,Chasséen,indexed_exact,,https://ark.frantiq.fr/ark:/26678/pcrtL5SMmSaD46,
AdlFI_PACA_2023_prepared.xml,Méailles – Grotte de Pertus II,p268,fieldwork_method,fouille programmée,indexed_exact,,https://ark.frantiq.fr/ark:/26678/crtSrWQs2w2KV,
AdlFI_PACA_2023_prepared.xml,Les Mées – La Croix,p279,subjects,paléochenal,indexed_exact,,https://ark.frantiq.fr/ark:/26678/pcrtiMWSFc5fJ2,
AdlFI_PACA_2023_prepared.xml,Les Mées – La Croix,p279,subjects,fosse,indexed_exact,,https://ark.frantiq.fr/ark:/26678/pcrtms2OAv82PY,
AdlFI_PACA_2023_prepared.xml,Les Mées – La Croix,p279,subjects,trou de poteau,indexed_exact,,https://ark.frantiq.fr/ark:/26678/pcrtFnKonRZjWY,
AdlFI_PACA_2023_prepared.xml,Les Mées – La Croix,p279,subjects,silo,indexed_exact,,https://ark.frantiq.fr/ark:/26678/pcrtdgALrHBSlv,
AdlFI_PACA_2023_prepared.xml,Les Mées – La Croix,p279,subjects,structure à pierres chauffées,indexed_exact,,https://ark.frantiq.fr/ark:/26678/pcrtf6v9v8kp6zb5bwxk2pv6,
AdlFI_PACA_2023_prepared.xml,Les Mées – La Croix,p279,subjects,meule,indexed_exact,,https://ark.frantiq.fr/ark:/26678/pcrt1Gqf0UzaZ3,
AdlFI_PACA_2023_prepared.xml,Les Mées – La Croix,p279,subjects,molette,indexed_exact,,https://ark.frantiq.fr/ark:/26678/pcrtTN5hnP2dGJ,
AdlFI_PACA_2023_prepared.xml,Les Mées – La Croix,p279,subjects,hache polie,indexed_exact,,https://ark.frantiq.fr/ark:/26678/pcrtZo2oV1xEn0,
AdlFI_PACA_2023_prepared.xml,Les Mées – La Croix,p279,subjects,lame,indexed_exact,,https://ark.frantiq.fr/ark:/26678/pcrtYdJwXpuL9x,
AdlFI_PACA_2023_prepared.xml,Les Mées – La Croix,p280,chronology,Néolithique moyen,indexed_exact,,https://ark.frantiq.fr/ark:/26678/pcrt2Da0ASe5sL,
AdlFI_PACA_2023_prepared.xml,Les Mées – La Croix,p280,chronology,âge du Fer,indexed_typographic,âge du fer,https://ark.frantiq.fr/ark:/26678/pcrtW9SpIgIk7Q,
AdlFI_PACA_2023_prepared.xml,Les Mées – La Croix,p280,chronology,Antiquité romaine,indexed_exact,,https://ark.frantiq.fr/ark:/26678/pcrtZTmusVUU24,
AdlFI_PACA_2023_prepared.xml,Les Mées – La Croix,p284,fieldwork_method,fouille préventive,indexed_exact,,https://ark.frantiq.fr/ark:/26678/pcrtcJxzOpgs7T,
AdlFI_PACA_2023_prepared.xml,Montlaux – Vieux Montlaux,p297,subjects,maison-tour,indexed_exact,,https://ark.frantiq.fr/ark:/26678/pcrtbwf4ScEVak,
AdlFI_PACA_2023_prepared.xml,Montlaux – Vieux Montlaux,p298,chronology,Moyen Âge classique,indexed_typographic,Moyen Âge classique,https://ark.frantiq.fr/ark:/26678/pcrtAjWBVFSefH,
AdlFI_PACA_2023_prepared.xml,Montlaux – Vieux Montlaux,p298,chronology,bas Moyen Âge,indexed_typographic,bas Moyen Âge,https://ark.frantiq.fr/ark:/26678/pcrtkWqzTusoxz,
AdlFI_PACA_2023_prepared.xml,Montlaux – Vieux Montlaux,p298,chronology,époque moderne,indexed_exact,,https://ark.frantiq.fr/ark:/26678/pcrtPSEEZSBEJp,
AdlFI_PACA_2023_prepared.xml,Montlaux – Vieux Montlaux,p298,chronology,époque contemporaine,indexed_exact,,https://ark.frantiq.fr/ark:/26678/pcrt59R77d1H15,
AdlFI_PACA_2023_prepared.xml,Montlaux – Vieux Montlaux,p302,fieldwork_method,opération de diagnostic,indexed_exact,,https://ark.frantiq.fr/ark:/26678/pcrtWWQS75V5Bc,
AdlFI_PACA_2023_prepared.xml,Moustiers-Sainte-Marie – Saint-Saturnin,p314,subjects,prieuré,indexed_exact,,https://ark.frantiq.fr/ark:/26678/pcrtbrO7H4lPWM,
AdlFI_PACA_2023_prepared.xml,Moustiers-Sainte-Marie – Saint-Saturnin,p314,subjects,église priorale,indexed_exact,,https://ark.frantiq.fr/ark:/26678/pcrtWxTuwysmru,
AdlFI_PACA_2023_prepared.xml,Moustiers-Sainte-Marie – Saint-Saturnin,p314,subjects,sépulture,indexed_exact,,https://ark.frantiq.fr/ark:/26678/pcrt795b632nWw,
AdlFI_PACA_2023_prepared.xml,Moustiers-Sainte-Marie – Saint-Saturnin,p314,subjects,villa,not_found,,,"aucun prefLabel ou altLabel français actif, exact ou équivalent typographique unique ; XML laissé inchangé"
AdlFI_PACA_2023_prepared.xml,Moustiers-Sainte-Marie – Saint-Saturnin,p314,subjects,pars rustica,indexed_exact,,https://ark.frantiq.fr/ark:/26678/pcrt2LElcBx6JB,
AdlFI_PACA_2023_prepared.xml,Moustiers-Sainte-Marie – Saint-Saturnin,p314,subjects,dolium,indexed_exact,,https://ark.frantiq.fr/ark:/26678/pcrtrmZTScioB8,
AdlFI_PACA_2023_prepared.xml,Moustiers-Sainte-Marie – Saint-Saturnin,p315,chronology,Haut-Empire romain,indexed_exact,,https://ark.frantiq.fr/ark:/26678/pcrtH5r3FYBpwe,
AdlFI_PACA_2023_prepared.xml,Moustiers-Sainte-Marie – Saint-Saturnin,p315,chronology,Antiquité tardive,indexed_exact,,https://ark.frantiq.fr/ark:/26678/pcrtwopiLhK1Ek,
AdlFI_PACA_2023_prepared.xml,Moustiers-Sainte-Marie – Saint-Saturnin,p315,chronology,haut Moyen Âge,indexed_typographic,haut Moyen Âge,https://ark.frantiq.fr/ark:/26678/pcrtOA7J729U5c,
AdlFI_PACA_2023_prepared.xml,Moustiers-Sainte-Marie – Saint-Saturnin,p315,chronology,Moyen Âge classique,indexed_typographic,Moyen Âge classique,https://ark.frantiq.fr/ark:/26678/pcrtAjWBVFSefH,
AdlFI_PACA_2023_prepared.xml,Moustiers-Sainte-Marie – Saint-Saturnin,p319,fieldwork_method,opération de diagnostic,indexed_exact,,https://ark.frantiq.fr/ark:/26678/pcrtWWQS75V5Bc,
AdlFI_PACA_2023_prepared.xml,La Palud-sur-Verdon – Réserve de Saint-Maurin,p334,subjects,grotte,indexed_exact,,https://ark.frantiq.fr/ark:/26678/pcrtxKnfzXYMxK,
AdlFI_PACA_2023_prepared.xml,La Palud-sur-Verdon – Réserve de Saint-Maurin,p334,subjects,prieuré,indexed_exact,,https://ark.frantiq.fr/ark:/26678/pcrtbrO7H4lPWM,
AdlFI_PACA_2023_prepared.xml,La Palud-sur-Verdon – Réserve de Saint-Maurin,p334,subjects,église priorale,indexed_exact,,https://ark.frantiq.fr/ark:/26678/pcrtWxTuwysmru,
AdlFI_PACA_2023_prepared.xml,La Palud-sur-Verdon – Réserve de Saint-Maurin,p334,subjects,sépulture,indexed_exact,,https://ark.frantiq.fr/ark:/26678/pcrt795b632nWw,
AdlFI_PACA_2023_prepared.xml,La Palud-sur-Verdon – Réserve de Saint-Maurin,p334,subjects,maison,indexed_exact,,https://ark.frantiq.fr/ark:/26678/pcrtaGBUR5Ekx1,
AdlFI_PACA_2023_prepared.xml,La Palud-sur-Verdon – Réserve de Saint-Maurin,p334,subjects,silo,indexed_exact,,https://ark.frantiq.fr/ark:/26678/pcrtdgALrHBSlv,
AdlFI_PACA_2023_prepared.xml,La Palud-sur-Verdon – Réserve de Saint-Maurin,p335,chronology,Protohistoire,indexed_exact,,https://ark.frantiq.fr/ark:/26678/pcrtHlenwSnkDM,
AdlFI_PACA_2023_prepared.xml,La Palud-sur-Verdon – Réserve de Saint-Maurin,p335,chronology,Antiquité tardive,indexed_exact,,https://ark.frantiq.fr/ark:/26678/pcrtwopiLhK1Ek,
AdlFI_PACA_2023_prepared.xml,La Palud-sur-Verdon – Réserve de Saint-Maurin,p335,chronology,époque mérovingienne,indexed_exact,,https://ark.frantiq.fr/ark:/26678/pcrt52vb3I1FaL,
AdlFI_PACA_2023_prepared.xml,La Palud-sur-Verdon – Réserve de Saint-Maurin,p335,chronology,Moyen Âge classique,indexed_typographic,Moyen Âge classique,https://ark.frantiq.fr/ark:/26678/pcrtAjWBVFSefH,
AdlFI_PACA_2023_prepared.xml,La Palud-sur-Verdon – Réserve de Saint-Maurin,p335,chronology,bas Moyen Âge,indexed_typographic,bas Moyen Âge,https://ark.frantiq.fr/ark:/26678/pcrtkWqzTusoxz,
AdlFI_PACA_2023_prepared.xml,La Palud-sur-Verdon – Réserve de Saint-Maurin,p335,chronology,époque moderne,indexed_exact,,https://ark.frantiq.fr/ark:/26678/pcrtPSEEZSBEJp,
AdlFI_PACA_2023_prepared.xml,La Palud-sur-Verdon – Réserve de Saint-Maurin,p339,fieldwork_method,fouille programmée,indexed_exact,,https://ark.frantiq.fr/ark:/26678/crtSrWQs2w2KV,
AdlFI_PACA_2023_prepared.xml,Peyruis – Les Ferrails,p361,subjects,fosse,indexed_exact,,https://ark.frantiq.fr/ark:/26678/pcrtms2OAv82PY,
AdlFI_PACA_2023_prepared.xml,Peyruis – Les Ferrails,p361,subjects,structure de combustion,indexed_exact,,https://ark.frantiq.fr/ark:/26678/pcrtJUwAaZ7Nz9,
AdlFI_PACA_2023_prepared.xml,Peyruis – Les Ferrails,p361,subjects,four,indexed_exact,,https://ark.frantiq.fr/ark:/26678/pcrtIqEHwJLuq0,
AdlFI_PACA_2023_prepared.xml,Peyruis – Les Ferrails,p361,subjects,os animal,indexed_exact,,https://ark.frantiq.fr/ark:/26678/pcrtxaAvFeoE3Z,
AdlFI_PACA_2023_prepared.xml,Peyruis – Les Ferrails,p361,subjects,céramique de l’âge du Fer,indexed_typographic,céramique de l'âge du fer,https://ark.frantiq.fr/ark:/26678/pcrt6VdPSiSDfs,
AdlFI_PACA_2023_prepared.xml,Peyruis – Les Ferrails,p362,chronology,Néolithique,indexed_exact,,https://ark.frantiq.fr/ark:/26678/pcrtH8P95EucZz,
AdlFI_PACA_2023_prepared.xml,Peyruis – Les Ferrails,p362,chronology,second âge du Fer,indexed_typographic,second âge du fer,https://ark.frantiq.fr/ark:/26678/pcrtxVmyWBbIQq,
AdlFI_PACA_2023_prepared.xml,Peyruis – Les Ferrails,p366,fieldwork_method,opération de diagnostic,indexed_exact,,https://ark.frantiq.fr/ark:/26678/pcrtWWQS75V5Bc,
AdlFI_PACA_2023_prepared.xml,Pierrevert – Traverse du Quair 2,p371,subjects,fossé,not_found,,,"aucun prefLabel ou altLabel français actif, exact ou équivalent typographique unique ; XML laissé inchangé"
AdlFI_PACA_2023_prepared.xml,Pierrevert – Traverse du Quair 2,p371,subjects,trou de poteau,indexed_exact,,https://ark.frantiq.fr/ark:/26678/pcrtFnKonRZjWY,
AdlFI_PACA_2023_prepared.xml,Pierrevert – Traverse du Quair 2,p371,subjects,fondation de bâtiment,indexed_exact,,https://ark.frantiq.fr/ark:/26678/pcrtBedPXm0UJJ,
AdlFI_PACA_2023_prepared.xml,Pierrevert – Traverse du Quair 2,p371,subjects,four,indexed_exact,,https://ark.frantiq.fr/ark:/26678/pcrtIqEHwJLuq0,
AdlFI_PACA_2023_prepared.xml,Pierrevert – Traverse du Quair 2,p371,subjects,sépulture d’immature,indexed_typographic,sépulture d'immature,https://ark.frantiq.fr/ark:/26678/pcrtVjzPFoOkpk,
AdlFI_PACA_2023_prepared.xml,Pierrevert – Traverse du Quair 2,p372,chronology,Néolithique moyen,indexed_exact,,https://ark.frantiq.fr/ark:/26678/pcrt2Da0ASe5sL,
AdlFI_PACA_2023_prepared.xml,Pierrevert – Traverse du Quair 2,p372,chronology,Néolithique récent,indexed_exact,,https://ark.frantiq.fr/ark:/26678/pcrtdnSecgloEJ,
AdlFI_PACA_2023_prepared.xml,Pierrevert – Traverse du Quair 2,p372,chronology,Néolithique final,indexed_exact,,https://ark.frantiq.fr/ark:/26678/pcrtkWTHVxnZWN,
AdlFI_PACA_2023_prepared.xml,Pierrevert – Traverse du Quair 2,p376,fieldwork_method,opération de diagnostic,indexed_exact,,https://ark.frantiq.fr/ark:/26678/pcrtWWQS75V5Bc,
AdlFI_PACA_2023_prepared.xml,Riez – La Rouguière 2,p383,subjects,nécropole,indexed_exact,,https://ark.frantiq.fr/ark:/26678/pcrtsIm3RuNMGu,
AdlFI_PACA_2023_prepared.xml,Riez – La Rouguière 2,p383,subjects,enclos funéraire,indexed_exact,,https://ark.frantiq.fr/ark:/26678/pcrt4r4BzEK12w,
AdlFI_PACA_2023_prepared.xml,Riez – La Rouguière 2,p383,subjects,fosse,indexed_exact,,https://ark.frantiq.fr/ark:/26678/pcrtms2OAv82PY,
AdlFI_PACA_2023_prepared.xml,Riez – La Rouguière 2,p383,subjects,trou de poteau,indexed_exact,,https://ark.frantiq.fr/ark:/26678/pcrtFnKonRZjWY,
AdlFI_PACA_2023_prepared.xml,Riez – La Rouguière 2,p383,subjects,sépulture à crémation,indexed_exact,,https://ark.frantiq.fr/ark:/26678/crtgYImO4KP6a,
AdlFI_PACA_2023_prepared.xml,Riez – La Rouguière 2,p383,subjects,sépulture à inhumation,indexed_exact,,https://ark.frantiq.fr/ark:/26678/pcrt8p3mfhtf65,
AdlFI_PACA_2023_prepared.xml,Riez – La Rouguière 2,p383,subjects,stèle funéraire,indexed_exact,,https://ark.frantiq.fr/ark:/26678/pcrt6FJgRdSUXx,
AdlFI_PACA_2023_prepared.xml,Riez – La Rouguière 2,p384,chronology,Protohistoire,indexed_exact,,https://ark.frantiq.fr/ark:/26678/pcrtHlenwSnkDM,
AdlFI_PACA_2023_prepared.xml,Riez – La Rouguière 2,p384,chronology,Haut-Empire romain,indexed_exact,,https://ark.frantiq.fr/ark:/26678/pcrtH5r3FYBpwe,
AdlFI_PACA_2023_prepared.xml,Riez – La Rouguière 2,p384,chronology,haut Moyen Âge,indexed_typographic,haut Moyen Âge,https://ark.frantiq.fr/ark:/26678/pcrtOA7J729U5c,
AdlFI_PACA_2023_prepared.xml,Riez – La Rouguière 2,p384,chronology,époque moderne,indexed_exact,,https://ark.frantiq.fr/ark:/26678/pcrtPSEEZSBEJp,
AdlFI_PACA_2023_prepared.xml,Riez – La Rouguière 2,p388,fieldwork_method,opération de diagnostic,indexed_exact,,https://ark.frantiq.fr/ark:/26678/pcrtWWQS75V5Bc,
AdlFI_PACA_2023_prepared.xml,Riez – Places Saint-Antoine et de la Colonne,p399,subjects,aqueduc,indexed_exact,,https://ark.frantiq.fr/ark:/26678/pcrtQLzzeiDyrk,
AdlFI_PACA_2023_prepared.xml,Riez – Places Saint-Antoine et de la Colonne,p399,subjects,fontaine,indexed_exact,,https://ark.frantiq.fr/ark:/26678/pcrtYmIa7MvtLc,
AdlFI_PACA_2023_prepared.xml,Riez – Places Saint-Antoine et de la Colonne,p399,subjects,canalisation,indexed_exact,,https://ark.frantiq.fr/ark:/26678/pcrtgJvAbEFhK7,
AdlFI_PACA_2023_prepared.xml,Riez – Places Saint-Antoine et de la Colonne,p399,subjects,maison,indexed_exact,,https://ark.frantiq.fr/ark:/26678/pcrtaGBUR5Ekx1,
AdlFI_PACA_2023_prepared.xml,Riez – Places Saint-Antoine et de la Colonne,p400,chronology,bas Moyen Âge,indexed_typographic,bas Moyen Âge,https://ark.frantiq.fr/ark:/26678/pcrtkWqzTusoxz,
AdlFI_PACA_2023_prepared.xml,Riez – Places Saint-Antoine et de la Colonne,p400,chronology,époque moderne,indexed_exact,,https://ark.frantiq.fr/ark:/26678/pcrtPSEEZSBEJp,
AdlFI_PACA_2023_prepared.xml,Riez – Places Saint-Antoine et de la Colonne,p400,chronology,époque contemporaine,indexed_exact,,https://ark.frantiq.fr/ark:/26678/pcrt59R77d1H15,
AdlFI_PACA_2023_prepared.xml,Riez – Places Saint-Antoine et de la Colonne,p404,fieldwork_method,opération de diagnostic,indexed_exact,,https://ark.frantiq.fr/ark:/26678/pcrtWWQS75V5Bc,
AdlFI_PACA_2023_prepared.xml,Saint-Geniez – Notre-Dame-des-Groseilles,p416,subjects,église,indexed_exact,,https://ark.frantiq.fr/ark:/26678/pcrtoV7zLJpAfX,
AdlFI_PACA_2023_prepared.xml,Saint-Geniez – Notre-Dame-des-Groseilles,p417,chronology,époque moderne,indexed_exact,,https://ark.frantiq.fr/ark:/26678/pcrtPSEEZSBEJp,
AdlFI_PACA_2023_prepared.xml,Saint-Geniez – Notre-Dame-des-Groseilles,p421,fieldwork_method,fouille préventive,indexed_exact,,https://ark.frantiq.fr/ark:/26678/pcrtcJxzOpgs7T,
AdlFI_PACA_2023_prepared.xml,Saint-Jurs – Le château,p431,subjects,château,indexed_exact,,https://ark.frantiq.fr/ark:/26678/pcrtRFSvuXH6BD,
AdlFI_PACA_2023_prepared.xml,Saint-Jurs – Le château,p431,subjects,logis,not_found,,,"aucun prefLabel ou altLabel français actif, exact ou équivalent typographique unique ; XML laissé inchangé"
AdlFI_PACA_2023_prepared.xml,Saint-Jurs – Le château,p431,subjects,église paroissiale,indexed_exact,,https://ark.frantiq.fr/ark:/26678/pcrtkxDeyQJnUv,
AdlFI_PACA_2023_prepared.xml,Saint-Jurs – Le château,p431,subjects,cave,indexed_exact,,https://ark.frantiq.fr/ark:/26678/pcrtHcRTVDR1pt,
AdlFI_PACA_2023_prepared.xml,Saint-Jurs – Le château,p431,subjects,fossé défensif,indexed_exact,,https://ark.frantiq.fr/ark:/26678/pcrtgjiiEm8kOO,
AdlFI_PACA_2023_prepared.xml,Saint-Jurs – Le château,p432,chronology,bas Moyen Âge,indexed_typographic,bas Moyen Âge,https://ark.frantiq.fr/ark:/26678/pcrtkWqzTusoxz,
AdlFI_PACA_2023_prepared.xml,Saint-Jurs – Le château,p432,chronology,époque moderne,indexed_exact,,https://ark.frantiq.fr/ark:/26678/pcrtPSEEZSBEJp,
AdlFI_PACA_2023_prepared.xml,Saint-Jurs – Le château,p436,fieldwork_method,opération de diagnostic,indexed_exact,,https://ark.frantiq.fr/ark:/26678/pcrtWWQS75V5Bc,
AdlFI_PACA_2023_prepared.xml,Saint-Martin-de-Brômes – Tour de l’Horloge,p447,subjects,tour,indexed_exact,,https://ark.frantiq.fr/ark:/26678/pcrtslAx38Lp91,
AdlFI_PACA_2023_prepared.xml,Saint-Martin-de-Brômes – Tour de l’Horloge,p447,subjects,mur,indexed_exact,,https://ark.frantiq.fr/ark:/26678/pcrtIxHmbVwDYW,
AdlFI_PACA_2023_prepared.xml,Saint-Martin-de-Brômes – Tour de l’Horloge,p448,chronology,époque médiévale,indexed_exact,,https://ark.frantiq.fr/ark:/26678/pcrtAQyKm9qosx,
AdlFI_PACA_2023_prepared.xml,Saint-Martin-de-Brômes – Tour de l’Horloge,p452,fieldwork_method,opération de diagnostic,indexed_exact,,https://ark.frantiq.fr/ark:/26678/pcrtWWQS75V5Bc,
AdlFI_PACA_2023_prepared.xml,Saint-Martin-les-Eaux – Abords de l’église,p462,subjects,église,indexed_exact,,https://ark.frantiq.fr/ark:/26678/pcrtoV7zLJpAfX,
AdlFI_PACA_2023_prepared.xml,Saint-Martin-les-Eaux – Abords de l’église,p462,subjects,sépulture,indexed_exact,,https://ark.frantiq.fr/ark:/26678/pcrt795b632nWw,
AdlFI_PACA_2023_prepared.xml,Saint-Martin-les-Eaux – Abords de l’église,p462,subjects,coffre sépulcral,indexed_exact,,https://ark.frantiq.fr/ark:/26678/pcrtKLAHnzsSXq,
AdlFI_PACA_2023_prepared.xml,Saint-Martin-les-Eaux – Abords de l’église,p463,chronology,époque médiévale,indexed_exact,,https://ark.frantiq.fr/ark:/26678/pcrtAQyKm9qosx,
AdlFI_PACA_2023_prepared.xml,Saint-Martin-les-Eaux – Abords de l’église,p467,fieldwork_method,opération de diagnostic,indexed_exact,,https://ark.frantiq.fr/ark:/26678/pcrtWWQS75V5Bc,
AdlFI_PACA_2023_prepared.xml,Sigonce – Bel-Air,p474,subjects,château,indexed_exact,,https://ark.frantiq.fr/ark:/26678/pcrtRFSvuXH6BD,
AdlFI_PACA_2023_prepared.xml,Sigonce – Bel-Air,p474,subjects,tour,indexed_exact,,https://ark.frantiq.fr/ark:/26678/pcrtslAx38Lp91,
AdlFI_PACA_2023_prepared.xml,Sigonce – Bel-Air,p474,subjects,jardin,indexed_exact,,https://ark.frantiq.fr/ark:/26678/pcrtXhKSYgoqeP,
AdlFI_PACA_2023_prepared.xml,Sigonce – Bel-Air,p474,subjects,fossé,not_found,,,"aucun prefLabel ou altLabel français actif, exact ou équivalent typographique unique ; XML laissé inchangé"
AdlFI_PACA_2023_prepared.xml,Sigonce – Bel-Air,p475,chronology,époque moderne,indexed_exact,,https://ark.frantiq.fr/ark:/26678/pcrtPSEEZSBEJp,
AdlFI_PACA_2023_prepared.xml,Sigonce – Bel-Air,p479,fieldwork_method,opération de diagnostic,indexed_exact,,https://ark.frantiq.fr/ark:/26678/pcrtWWQS75V5Bc,
AdlFI_PACA_2023_prepared.xml,"Aspremont – Le Pla, ISDI",p488,subjects,empreinte de structure,indexed_exact,,https://ark.frantiq.fr/ark:/26678/pcrt5ecRHjSZTM,
AdlFI_PACA_2023_prepared.xml,"Aspremont – Le Pla, ISDI",p489,chronology,Néolithique,indexed_exact,,https://ark.frantiq.fr/ark:/26678/pcrtH8P95EucZz,
AdlFI_PACA_2023_prepared.xml,"Aspremont – Le Pla, ISDI",p489,chronology,Protohistoire,indexed_exact,,https://ark.frantiq.fr/ark:/26678/pcrtHlenwSnkDM,
AdlFI_PACA_2023_prepared.xml,"Aspremont – Le Pla, ISDI",p489,chronology,époque moderne,indexed_exact,,https://ark.frantiq.fr/ark:/26678/pcrtPSEEZSBEJp,
AdlFI_PACA_2023_prepared.xml,"Aspremont – Le Pla, ISDI",p493,fieldwork_method,opération de diagnostic,indexed_exact,,https://ark.frantiq.fr/ark:/26678/pcrtWWQS75V5Bc,
AdlFI_PACA_2023_prepared.xml,"Aspremont – Le Pla, carrière de la Condamine",p503,subjects,fosse,indexed_exact,,https://ark.frantiq.fr/ark:/26678/pcrtms2OAv82PY,
AdlFI_PACA_2023_prepared.xml,"Aspremont – Le Pla, carrière de la Condamine",p503,subjects,lamelle,indexed_exact,,https://ark.frantiq.fr/ark:/26678/pcrtrugvfgLj8m,
AdlFI_PACA_2023_prepared.xml,"Aspremont – Le Pla, carrière de la Condamine",p504,chronology,Néolithique moyen,indexed_exact,,https://ark.frantiq.fr/ark:/26678/pcrt2Da0ASe5sL,
AdlFI_PACA_2023_prepared.xml,"Aspremont – Le Pla, carrière de la Condamine",p504,chronology,époque moderne,indexed_exact,,https://ark.frantiq.fr/ark:/26678/pcrtPSEEZSBEJp,
AdlFI_PACA_2023_prepared.xml,"Aspremont – Le Pla, carrière de la Condamine",p508,fieldwork_method,opération de diagnostic,indexed_exact,,https://ark.frantiq.fr/ark:/26678/pcrtWWQS75V5Bc,
AdlFI_PACA_2023_prepared.xml,La Bâtie-Montsaléon – Rue Mons-Seleucus,p516,subjects,mur,indexed_exact,,https://ark.frantiq.fr/ark:/26678/pcrtIxHmbVwDYW,
AdlFI_PACA_2023_prepared.xml,La Bâtie-Montsaléon – Rue Mons-Seleucus,p516,subjects,sépulture d’animal,indexed_typographic,sépulture d'animal,https://ark.frantiq.fr/ark:/26678/pcrtu9IVkMoqZH,
AdlFI_PACA_2023_prepared.xml,La Bâtie-Montsaléon – Rue Mons-Seleucus,p517,chronology,Antiquité romaine,indexed_exact,,https://ark.frantiq.fr/ark:/26678/pcrtZTmusVUU24,
AdlFI_PACA_2023_prepared.xml,La Bâtie-Montsaléon – Rue Mons-Seleucus,p517,chronology,époque moderne,indexed_exact,,https://ark.frantiq.fr/ark:/26678/pcrtPSEEZSBEJp,
AdlFI_PACA_2023_prepared.xml,La Bâtie-Montsaléon – Rue Mons-Seleucus,p521,fieldwork_method,opération de diagnostic,indexed_exact,,https://ark.frantiq.fr/ark:/26678/pcrtWWQS75V5Bc,
AdlFI_PACA_2023_prepared.xml,Dévoluy et Le Noyer – Col du Noyer,p532,subjects,paléoenvironnement,indexed_exact,,https://ark.frantiq.fr/ark:/26678/pcrtkilSDZLAlV,
AdlFI_PACA_2023_prepared.xml,Dévoluy et Le Noyer – Col du Noyer,p532,subjects,charbon,indexed_exact,,https://ark.frantiq.fr/ark:/26678/pcrtsrWeYcRkNg,
AdlFI_PACA_2023_prepared.xml,Dévoluy et Le Noyer – Col du Noyer,p533,chronology,Paléolithique,indexed_exact,,https://ark.frantiq.fr/ark:/26678/pcrtFS9v4PxyYL,
AdlFI_PACA_2023_prepared.xml,Dévoluy et Le Noyer – Col du Noyer,p537,fieldwork_method,opération de diagnostic,indexed_exact,,https://ark.frantiq.fr/ark:/26678/pcrtWWQS75V5Bc,
AdlFI_PACA_2023_prepared.xml,Dévoluy – Chourum de l’Ours,p544,subjects,os animal,indexed_exact,,https://ark.frantiq.fr/ark:/26678/pcrtxaAvFeoE3Z,
AdlFI_PACA_2023_prepared.xml,Dévoluy – Chourum de l’Ours,p544,subjects,ours,indexed_exact,,https://ark.frantiq.fr/ark:/26678/pcrtGm7ZMfoQrc,
AdlFI_PACA_2023_prepared.xml,Dévoluy – Chourum de l’Ours,p547,fieldwork_method,opération de diagnostic,indexed_exact,,https://ark.frantiq.fr/ark:/26678/pcrtWWQS75V5Bc,
AdlFI_PACA_2023_prepared.xml,"Embrun – L’archevêché, corps nord et central",p563,subjects,archevêché,not_found,,,"aucun prefLabel ou altLabel français actif, exact ou équivalent typographique unique ; XML laissé inchangé"
AdlFI_PACA_2023_prepared.xml,"Embrun – L’archevêché, corps nord et central",p564,chronology,Moyen Âge classique,indexed_typographic,Moyen Âge classique,https://ark.frantiq.fr/ark:/26678/pcrtAjWBVFSefH,
AdlFI_PACA_2023_prepared.xml,"Embrun – L’archevêché, corps nord et central",p564,chronology,époque moderne,indexed_exact,,https://ark.frantiq.fr/ark:/26678/pcrtPSEEZSBEJp,
AdlFI_PACA_2023_prepared.xml,"Embrun – L’archevêché, corps nord et central",p564,chronology,époque contemporaine,indexed_exact,,https://ark.frantiq.fr/ark:/26678/pcrt59R77d1H15,
AdlFI_PACA_2023_prepared.xml,"Embrun – L’archevêché, corps nord et central",p568,fieldwork_method,fouille préventive,indexed_exact,,https://ark.frantiq.fr/ark:/26678/pcrtcJxzOpgs7T,
AdlFI_PACA_2023_prepared.xml,"Embrun – L’archevêché, corps nord et central",p568,fieldwork_method,archéologie du bâti,indexed_exact,,https://ark.frantiq.fr/ark:/26678/pcrtaodMT8j83O,
AdlFI_PACA_2023_prepared.xml,"Embrun – Église cathédrale de Notre-Dame-du-Réal, tranche 2",p590,subjects,cathédrale,indexed_exact,,https://ark.frantiq.fr/ark:/26678/pcrtAhnxMt1kMc,
AdlFI_PACA_2023_prepared.xml,"Embrun – Église cathédrale de Notre-Dame-du-Réal, tranche 2",p590,subjects,clocher,indexed_exact,,https://ark.frantiq.fr/ark:/26678/pcrtAeeFSDMwi7,
AdlFI_PACA_2023_prepared.xml,"Embrun – Église cathédrale de Notre-Dame-du-Réal, tranche 2",p590,subjects,façade,indexed_exact,,https://ark.frantiq.fr/ark:/26678/pcrtLbjx1LR0E0,
AdlFI_PACA_2023_prepared.xml,"Embrun – Église cathédrale de Notre-Dame-du-Réal, tranche 2",p591,chronology,Moyen Âge classique,indexed_typographic,Moyen Âge classique,https://ark.frantiq.fr/ark:/26678/pcrtAjWBVFSefH,
AdlFI_PACA_2023_prepared.xml,"Embrun – Église cathédrale de Notre-Dame-du-Réal, tranche 2",p595,fieldwork_method,opération de diagnostic,indexed_exact,,https://ark.frantiq.fr/ark:/26678/pcrtWWQS75V5Bc,
AdlFI_PACA_2023_prepared.xml,"Gap – Plaine de Lachaup, l’Orée du bois",p606,subjects,fosse,indexed_exact,,https://ark.frantiq.fr/ark:/26678/pcrtms2OAv82PY,
AdlFI_PACA_2023_prepared.xml,"Gap – Plaine de Lachaup, l’Orée du bois",p606,subjects,structure de combustion,indexed_exact,,https://ark.frantiq.fr/ark:/26678/pcrtJUwAaZ7Nz9,
AdlFI_PACA_2023_prepared.xml,"Gap – Plaine de Lachaup, l’Orée du bois",p606,subjects,empierrement,indexed_exact,,https://ark.frantiq.fr/ark:/26678/pcrthr1ylBhyBN,
AdlFI_PACA_2023_prepared.xml,"Gap – Plaine de Lachaup, l’Orée du bois",p607,chronology,Bronze moyen,indexed_exact,,https://ark.frantiq.fr/ark:/26678/pcrtSZ1b47Qkjp,
AdlFI_PACA_2023_prepared.xml,"Gap – Plaine de Lachaup, l’Orée du bois",p607,chronology,Bronze final,indexed_exact,,https://ark.frantiq.fr/ark:/26678/pcrtQGLpWkh9Gt,
AdlFI_PACA_2023_prepared.xml,"Gap – Plaine de Lachaup, l’Orée du bois",p607,chronology,second âge du fer,indexed_exact,,https://ark.frantiq.fr/ark:/26678/pcrtxVmyWBbIQq,
AdlFI_PACA_2023_prepared.xml,"Gap – Plaine de Lachaup, l’Orée du bois",p607,chronology,Antiquité romaine,indexed_exact,,https://ark.frantiq.fr/ark:/26678/pcrtZTmusVUU24,
AdlFI_PACA_2023_prepared.xml,"Gap – Plaine de Lachaup, l’Orée du bois",p611,fieldwork_method,opération de diagnostic,indexed_exact,,https://ark.frantiq.fr/ark:/26678/pcrtWWQS75V5Bc,
AdlFI_PACA_2023_prepared.xml,Gap – Parking Desmichels,p621,subjects,mur,indexed_exact,,https://ark.frantiq.fr/ark:/26678/pcrtIxHmbVwDYW,
AdlFI_PACA_2023_prepared.xml,Gap – Parking Desmichels,p621,subjects,fosse,indexed_exact,,https://ark.frantiq.fr/ark:/26678/pcrtms2OAv82PY,
AdlFI_PACA_2023_prepared.xml,Gap – Parking Desmichels,p621,subjects,drain,indexed_exact,,https://ark.frantiq.fr/ark:/26678/pcrtthlTfnSHQp,
AdlFI_PACA_2023_prepared.xml,Gap – Parking Desmichels,p622,chronology,Haut-Empire romain,indexed_exact,,https://ark.frantiq.fr/ark:/26678/pcrtH5r3FYBpwe,
AdlFI_PACA_2023_prepared.xml,Gap – Parking Desmichels,p622,chronology,époque médiévale,indexed_exact,,https://ark.frantiq.fr/ark:/26678/pcrtAQyKm9qosx,
AdlFI_PACA_2023_prepared.xml,Gap – Parking Desmichels,p622,chronology,époque moderne,indexed_exact,,https://ark.frantiq.fr/ark:/26678/pcrtPSEEZSBEJp,
AdlFI_PACA_2023_prepared.xml,Gap – Parking Desmichels,p626,fieldwork_method,opération de diagnostic,indexed_exact,,https://ark.frantiq.fr/ark:/26678/pcrtWWQS75V5Bc,
AdlFI_PACA_2023_prepared.xml,Gap – Parking Desmichels,p638,subjects,poudrière,indexed_exact,,https://ark.frantiq.fr/ark:/26678/pcrtS3hyK3r0Al,
AdlFI_PACA_2023_prepared.xml,Gap – Parking Desmichels,p638,subjects,cour,indexed_exact,,https://ark.frantiq.fr/ark:/26678/pcrtbFJDzRUZx0,
AdlFI_PACA_2023_prepared.xml,Gap – Parking Desmichels,p638,subjects,fosse,indexed_exact,,https://ark.frantiq.fr/ark:/26678/pcrtms2OAv82PY,
AdlFI_PACA_2023_prepared.xml,Gap – Parking Desmichels,p638,subjects,silo,indexed_exact,,https://ark.frantiq.fr/ark:/26678/pcrtdgALrHBSlv,
AdlFI_PACA_2023_prepared.xml,Gap – Parking Desmichels,p638,subjects,trou de poteau,indexed_exact,,https://ark.frantiq.fr/ark:/26678/pcrtFnKonRZjWY,
AdlFI_PACA_2023_prepared.xml,Gap – Parking Desmichels,p638,subjects,drain,indexed_exact,,https://ark.frantiq.fr/ark:/26678/pcrtthlTfnSHQp,
AdlFI_PACA_2023_prepared.xml,Gap – Parking Desmichels,p638,subjects,structure de combustion,indexed_exact,,https://ark.frantiq.fr/ark:/26678/pcrtJUwAaZ7Nz9,
AdlFI_PACA_2023_prepared.xml,Gap – Parking Desmichels,p638,subjects,pressoir,indexed_exact,,https://ark.frantiq.fr/ark:/26678/pcrtwouxfBaTr5,
AdlFI_PACA_2023_prepared.xml,Gap – Parking Desmichels,p638,subjects,puits à eau,indexed_exact,,https://ark.frantiq.fr/ark:/26678/pcrtiS8Ollckzn,
AdlFI_PACA_2023_prepared.xml,Gap – Parking Desmichels,p638,subjects,métallurgie,indexed_exact,,https://ark.frantiq.fr/ark:/26678/pcrtuf9JSs9vo6,
AdlFI_PACA_2023_prepared.xml,Gap – Parking Desmichels,p639,chronology,époque carolingienne,indexed_exact,,https://ark.frantiq.fr/ark:/26678/pcrtnJeQI8LVnr,
AdlFI_PACA_2023_prepared.xml,Gap – Parking Desmichels,p639,chronology,Moyen Âge classique,indexed_typographic,Moyen Âge classique,https://ark.frantiq.fr/ark:/26678/pcrtAjWBVFSefH,
AdlFI_PACA_2023_prepared.xml,Gap – Parking Desmichels,p639,chronology,bas Moyen Âge,indexed_typographic,bas Moyen Âge,https://ark.frantiq.fr/ark:/26678/pcrtkWqzTusoxz,
AdlFI_PACA_2023_prepared.xml,Gap – Parking Desmichels,p643,fieldwork_method,fouille préventive,indexed_exact,,https://ark.frantiq.fr/ark:/26678/pcrtcJxzOpgs7T,
AdlFI_PACA_2023_prepared.xml,Laragne-Montéglin – Rue de la Concorde,p656,subjects,château,indexed_exact,,https://ark.frantiq.fr/ark:/26678/pcrtRFSvuXH6BD,
AdlFI_PACA_2023_prepared.xml,Laragne-Montéglin – Rue de la Concorde,p656,subjects,empierrement,indexed_exact,,https://ark.frantiq.fr/ark:/26678/pcrthr1ylBhyBN,
AdlFI_PACA_2023_prepared.xml,Laragne-Montéglin – Rue de la Concorde,p657,chronology,époque moderne,indexed_exact,,https://ark.frantiq.fr/ark:/26678/pcrtPSEEZSBEJp,
AdlFI_PACA_2023_prepared.xml,Laragne-Montéglin – Rue de la Concorde,p661,fieldwork_method,opération de diagnostic,indexed_exact,,https://ark.frantiq.fr/ark:/26678/pcrtWWQS75V5Bc,
AdlFI_PACA_2023_prepared.xml,Saint-Maurice-en-Valgodemard – Les Six Cabanes,p666,subjects,enclos à bétail,indexed_exact,,https://ark.frantiq.fr/ark:/26678/pcrtqXL8V79evX,
AdlFI_PACA_2023_prepared.xml,Saint-Maurice-en-Valgodemard – Les Six Cabanes,p666,subjects,cabane,indexed_exact,,https://ark.frantiq.fr/ark:/26678/pcrtqsNPWjGG9u,
AdlFI_PACA_2023_prepared.xml,Saint-Maurice-en-Valgodemard – Les Six Cabanes,p667,chronology,époque moderne,indexed_exact,,https://ark.frantiq.fr/ark:/26678/pcrtPSEEZSBEJp,
AdlFI_PACA_2023_prepared.xml,Saint-Maurice-en-Valgodemard – Les Six Cabanes,p667,chronology,époque contemporaine,indexed_exact,,https://ark.frantiq.fr/ark:/26678/pcrt59R77d1H15,
AdlFI_PACA_2023_prepared.xml,Saint-Maurice-en-Valgodemard – Les Six Cabanes,p671,fieldwork_method,fouille préventive,indexed_exact,,https://ark.frantiq.fr/ark:/26678/pcrtcJxzOpgs7T,
AdlFI_PACA_2023_prepared.xml,Serres – Centre médiéval,p683,subjects,cimetière chrétien,indexed_exact,,https://ark.frantiq.fr/ark:/26678/pcrtSDmqv2zljj,
AdlFI_PACA_2023_prepared.xml,Serres – Centre médiéval,p683,subjects,sépulture à inhumation,indexed_exact,,https://ark.frantiq.fr/ark:/26678/pcrt8p3mfhtf65,
AdlFI_PACA_2023_prepared.xml,Serres – Centre médiéval,p683,subjects,cave,indexed_exact,,https://ark.frantiq.fr/ark:/26678/pcrtHcRTVDR1pt,
AdlFI_PACA_2023_prepared.xml,Serres – Centre médiéval,p684,chronology,Bronze final,indexed_exact,,https://ark.frantiq.fr/ark:/26678/pcrtQGLpWkh9Gt,
AdlFI_PACA_2023_prepared.xml,Serres – Centre médiéval,p684,chronology,premier âge du Fer,indexed_typographic,premier âge du fer,https://ark.frantiq.fr/ark:/26678/pcrtS9zS3EMQiR,
AdlFI_PACA_2023_prepared.xml,Serres – Centre médiéval,p684,chronology,haut Moyen Âge,indexed_typographic,haut Moyen Âge,https://ark.frantiq.fr/ark:/26678/pcrtOA7J729U5c,
AdlFI_PACA_2023_prepared.xml,Serres – Centre médiéval,p684,chronology,bas Moyen Âge,indexed_typographic,bas Moyen Âge,https://ark.frantiq.fr/ark:/26678/pcrtkWqzTusoxz,
AdlFI_PACA_2023_prepared.xml,Serres – Centre médiéval,p688,fieldwork_method,opération de diagnostic,indexed_exact,,https://ark.frantiq.fr/ark:/26678/pcrtWWQS75V5Bc,
AdlFI_PACA_2023_prepared.xml,"Trescléoux – Le Monestier, Chemin de Teyrac",p699,subjects,église,indexed_exact,,https://ark.frantiq.fr/ark:/26678/pcrtoV7zLJpAfX,
AdlFI_PACA_2023_prepared.xml,"Trescléoux – Le Monestier, Chemin de Teyrac",p699,subjects,sépulture à inhumation,indexed_exact,,https://ark.frantiq.fr/ark:/26678/pcrt8p3mfhtf65,
AdlFI_PACA_2023_prepared.xml,"Trescléoux – Le Monestier, Chemin de Teyrac",p699,subjects,os humain,indexed_exact,,https://ark.frantiq.fr/ark:/26678/pcrtf0jhaoDXkJ,
AdlFI_PACA_2023_prepared.xml,"Trescléoux – Le Monestier, Chemin de Teyrac",p700,chronology,époque médiévale,indexed_exact,,https://ark.frantiq.fr/ark:/26678/pcrtAQyKm9qosx,
AdlFI_PACA_2023_prepared.xml,"Trescléoux – Le Monestier, Chemin de Teyrac",p704,fieldwork_method,opération de diagnostic,indexed_exact,,https://ark.frantiq.fr/ark:/26678/pcrtWWQS75V5Bc,
AdlFI_PACA_2023_prepared.xml,Aiglun – Abri fortifié d’Aiglun,p715,subjects,abris sous roche,not_found,,,"aucun prefLabel ou altLabel français actif, exact ou équivalent typographique unique ; XML laissé inchangé"
AdlFI_PACA_2023_prepared.xml,Aiglun – Abri fortifié d’Aiglun,p715,subjects,barbacane,indexed_exact,,https://ark.frantiq.fr/ark:/26678/pcrtVsTxxPP4OE,
AdlFI_PACA_2023_prepared.xml,Aiglun – Abri fortifié d’Aiglun,p715,subjects,bassin,not_found,,,"aucun prefLabel ou altLabel français actif, exact ou équivalent typographique unique ; XML laissé inchangé"
AdlFI_PACA_2023_prepared.xml,Aiglun – Abri fortifié d’Aiglun,p715,subjects,structure de combustion,indexed_exact,,https://ark.frantiq.fr/ark:/26678/pcrtJUwAaZ7Nz9,
AdlFI_PACA_2023_prepared.xml,Aiglun – Abri fortifié d’Aiglun,p716,chronology,bas Moyen Âge,indexed_typographic,bas Moyen Âge,https://ark.frantiq.fr/ark:/26678/pcrtkWqzTusoxz,
AdlFI_PACA_2023_prepared.xml,Aiglun – Abri fortifié d’Aiglun,p716,chronology,époque moderne,indexed_exact,,https://ark.frantiq.fr/ark:/26678/pcrtPSEEZSBEJp,
AdlFI_PACA_2023_prepared.xml,Aiglun – Abri fortifié d’Aiglun,p720,fieldwork_method,fouille préventive,indexed_exact,,https://ark.frantiq.fr/ark:/26678/pcrtcJxzOpgs7T,
AdlFI_PACA_2023_prepared.xml,Antibes – Zac Marenda-Lacan,p732,subjects,sédiment,indexed_exact,,https://ark.frantiq.fr/ark:/26678/pcrtjbpmw8qvrn,
AdlFI_PACA_2023_prepared.xml,Antibes – Zac Marenda-Lacan,p732,subjects,amphore africaine,indexed_exact,,https://ark.frantiq.fr/ark:/26678/pcrtShV4zjpBwz,
AdlFI_PACA_2023_prepared.xml,Antibes – Zac Marenda-Lacan,p733,chronology,Néolithique ancien,indexed_exact,,https://ark.frantiq.fr/ark:/26678/pcrtFRtEh1AndU,
AdlFI_PACA_2023_prepared.xml,Antibes – Zac Marenda-Lacan,p733,chronology,âge du Bronze,indexed_typographic,âge du bronze,https://ark.frantiq.fr/ark:/26678/pcrtGTWPtWn8qu,
AdlFI_PACA_2023_prepared.xml,Antibes – Zac Marenda-Lacan,p733,chronology,Antiquité tardive,indexed_exact,,https://ark.frantiq.fr/ark:/26678/pcrtwopiLhK1Ek,
AdlFI_PACA_2023_prepared.xml,Antibes – Zac Marenda-Lacan,p733,chronology,époque moderne,indexed_exact,,https://ark.frantiq.fr/ark:/26678/pcrtPSEEZSBEJp,
AdlFI_PACA_2023_prepared.xml,Antibes – Zac Marenda-Lacan,p737,fieldwork_method,opération de diagnostic,indexed_exact,,https://ark.frantiq.fr/ark:/26678/pcrtWWQS75V5Bc,
AdlFI_PACA_2023_prepared.xml,"Breil-sur-Roya, La Brigue et Tende – Haute et moyenne vallée de la Roya",p743,subjects,voie terrestre,indexed_exact,,https://ark.frantiq.fr/ark:/26678/pcrt1eKrSANesO,
AdlFI_PACA_2023_prepared.xml,"Breil-sur-Roya, La Brigue et Tende – Haute et moyenne vallée de la Roya",p743,subjects,grotte sépulcrale,indexed_exact,,https://ark.frantiq.fr/ark:/26678/pcrtfUWF9GVr4q,
AdlFI_PACA_2023_prepared.xml,"Breil-sur-Roya, La Brigue et Tende – Haute et moyenne vallée de la Roya",p743,subjects,sépulture à inhumation,indexed_exact,,https://ark.frantiq.fr/ark:/26678/pcrt8p3mfhtf65,
AdlFI_PACA_2023_prepared.xml,"Breil-sur-Roya, La Brigue et Tende – Haute et moyenne vallée de la Roya",p743,subjects,dépotoir,indexed_exact,,https://ark.frantiq.fr/ark:/26678/pcrteJiI6BxaFN,
AdlFI_PACA_2023_prepared.xml,"Breil-sur-Roya, La Brigue et Tende – Haute et moyenne vallée de la Roya",p743,subjects,four à chaux,indexed_exact,,https://ark.frantiq.fr/ark:/26678/pcrteATef2dHLg,
AdlFI_PACA_2023_prepared.xml,"Breil-sur-Roya, La Brigue et Tende – Haute et moyenne vallée de la Roya",p743,subjects,monnaie romaine,indexed_exact,,https://ark.frantiq.fr/ark:/26678/pcrt2AiEKgttQQ,
AdlFI_PACA_2023_prepared.xml,"Breil-sur-Roya, La Brigue et Tende – Haute et moyenne vallée de la Roya",p743,subjects,parure,indexed_exact,,https://ark.frantiq.fr/ark:/26678/pcrtNBrnOdttU9,
AdlFI_PACA_2023_prepared.xml,"Breil-sur-Roya, La Brigue et Tende – Haute et moyenne vallée de la Roya",p743,subjects,industrie lithique,indexed_exact,,https://ark.frantiq.fr/ark:/26678/pcrtbfqVEeganP,
AdlFI_PACA_2023_prepared.xml,"Breil-sur-Roya, La Brigue et Tende – Haute et moyenne vallée de la Roya",p744,chronology,Mésolithique,indexed_exact,,https://ark.frantiq.fr/ark:/26678/pcrtNs85SfBRuH,
AdlFI_PACA_2023_prepared.xml,"Breil-sur-Roya, La Brigue et Tende – Haute et moyenne vallée de la Roya",p744,chronology,Néolithique,indexed_exact,,https://ark.frantiq.fr/ark:/26678/pcrtH8P95EucZz,
AdlFI_PACA_2023_prepared.xml,"Breil-sur-Roya, La Brigue et Tende – Haute et moyenne vallée de la Roya",p744,chronology,âge du Fer,indexed_typographic,âge du fer,https://ark.frantiq.fr/ark:/26678/pcrtW9SpIgIk7Q,
AdlFI_PACA_2023_prepared.xml,"Breil-sur-Roya, La Brigue et Tende – Haute et moyenne vallée de la Roya",p744,chronology,Antiquité romaine,indexed_exact,,https://ark.frantiq.fr/ark:/26678/pcrtZTmusVUU24,
AdlFI_PACA_2023_prepared.xml,"Breil-sur-Roya, La Brigue et Tende – Haute et moyenne vallée de la Roya",p744,chronology,époque moderne,indexed_exact,,https://ark.frantiq.fr/ark:/26678/pcrtPSEEZSBEJp,
AdlFI_PACA_2023_prepared.xml,"Breil-sur-Roya, La Brigue et Tende – Haute et moyenne vallée de la Roya",p747,fieldwork_method,prospection inventaire,indexed_exact,,https://ark.frantiq.fr/ark:/26678/crtBhWSZf1tw8,
AdlFI_PACA_2023_prepared.xml,"Drap, Nice et La Trinité – Tramway, ligne 5, phase 1",p759,subjects,voie terrestre,indexed_exact,,https://ark.frantiq.fr/ark:/26678/pcrt1eKrSANesO,
AdlFI_PACA_2023_prepared.xml,"Drap, Nice et La Trinité – Tramway, ligne 5, phase 1",p759,subjects,digue,indexed_exact,,https://ark.frantiq.fr/ark:/26678/pcrtGhrS5rJcNl,
AdlFI_PACA_2023_prepared.xml,"Drap, Nice et La Trinité – Tramway, ligne 5, phase 1",p759,subjects,mur,indexed_exact,,https://ark.frantiq.fr/ark:/26678/pcrtIxHmbVwDYW,
AdlFI_PACA_2023_prepared.xml,"Drap, Nice et La Trinité – Tramway, ligne 5, phase 1",p760,chronology,époque moderne,indexed_exact,,https://ark.frantiq.fr/ark:/26678/pcrtPSEEZSBEJp,
AdlFI_PACA_2023_prepared.xml,"Drap, Nice et La Trinité – Tramway, ligne 5, phase 1",p764,fieldwork_method,opération de diagnostic,indexed_exact,,https://ark.frantiq.fr/ark:/26678/pcrtWWQS75V5Bc,
AdlFI_PACA_2023_prepared.xml,La Brigue – Place Saint-Martin,p775,subjects,église collégiale,indexed_exact,,https://ark.frantiq.fr/ark:/26678/pcrtpedohRybsY,
AdlFI_PACA_2023_prepared.xml,La Brigue – Place Saint-Martin,p775,subjects,cimetière chrétien,indexed_exact,,https://ark.frantiq.fr/ark:/26678/pcrtSDmqv2zljj,
AdlFI_PACA_2023_prepared.xml,La Brigue – Place Saint-Martin,p775,subjects,sépulture,indexed_exact,,https://ark.frantiq.fr/ark:/26678/pcrt795b632nWw,
AdlFI_PACA_2023_prepared.xml,La Brigue – Place Saint-Martin,p776,chronology,Moyen Âge classique,indexed_typographic,Moyen Âge classique,https://ark.frantiq.fr/ark:/26678/pcrtAjWBVFSefH,
AdlFI_PACA_2023_prepared.xml,La Brigue – Place Saint-Martin,p776,chronology,bas Moyen Âge,indexed_typographic,bas Moyen Âge,https://ark.frantiq.fr/ark:/26678/pcrtkWqzTusoxz,
AdlFI_PACA_2023_prepared.xml,La Brigue – Place Saint-Martin,p776,chronology,époque moderne,indexed_exact,,https://ark.frantiq.fr/ark:/26678/pcrtPSEEZSBEJp,
AdlFI_PACA_2023_prepared.xml,La Brigue – Place Saint-Martin,p780,fieldwork_method,fouille préventive,indexed_exact,,https://ark.frantiq.fr/ark:/26678/pcrtcJxzOpgs7T,
AdlFI_PACA_2023_prepared.xml,Cagnes-sur-Mer – Maison Blacas,p793,subjects,cimetière chrétien,indexed_exact,,https://ark.frantiq.fr/ark:/26678/pcrtSDmqv2zljj,
AdlFI_PACA_2023_prepared.xml,Cagnes-sur-Mer – Maison Blacas,p793,subjects,sépulture,indexed_exact,,https://ark.frantiq.fr/ark:/26678/pcrt795b632nWw,
AdlFI_PACA_2023_prepared.xml,Cagnes-sur-Mer – Maison Blacas,p793,subjects,moulin à huile,indexed_exact,,https://ark.frantiq.fr/ark:/26678/crtnRFSZO3uLv,
AdlFI_PACA_2023_prepared.xml,Cagnes-sur-Mer – Maison Blacas,p793,subjects,meule,indexed_exact,,https://ark.frantiq.fr/ark:/26678/pcrt1Gqf0UzaZ3,
AdlFI_PACA_2023_prepared.xml,Cagnes-sur-Mer – Maison Blacas,p794,chronology,époque moderne,indexed_exact,,https://ark.frantiq.fr/ark:/26678/pcrtPSEEZSBEJp,
AdlFI_PACA_2023_prepared.xml,Cagnes-sur-Mer – Maison Blacas,p794,chronology,époque contemporaine,indexed_exact,,https://ark.frantiq.fr/ark:/26678/pcrt59R77d1H15,
AdlFI_PACA_2023_prepared.xml,Cagnes-sur-Mer – Maison Blacas,p798,fieldwork_method,fouille préventive,indexed_exact,,https://ark.frantiq.fr/ark:/26678/pcrtcJxzOpgs7T,
AdlFI_PACA_2023_prepared.xml,Goudron – Chapelle Saint-Vincent,p808,subjects,chapelle,indexed_exact,,https://ark.frantiq.fr/ark:/26678/pcrtXbnSYWENsu,
AdlFI_PACA_2023_prepared.xml,Goudron – Chapelle Saint-Vincent,p808,subjects,clocher,indexed_exact,,https://ark.frantiq.fr/ark:/26678/pcrtAeeFSDMwi7,
AdlFI_PACA_2023_prepared.xml,Goudron – Chapelle Saint-Vincent,p809,chronology,époque médiévale,indexed_exact,,https://ark.frantiq.fr/ark:/26678/pcrtAQyKm9qosx,
AdlFI_PACA_2023_prepared.xml,Goudron – Chapelle Saint-Vincent,p809,chronology,époque moderne,indexed_exact,,https://ark.frantiq.fr/ark:/26678/pcrtPSEEZSBEJp,
AdlFI_PACA_2023_prepared.xml,Goudron – Chapelle Saint-Vincent,p812,fieldwork_method,prospection thématique,indexed_exact,,https://ark.frantiq.fr/ark:/26678/crtcYIBmBlBPH,
AdlFI_PACA_2023_prepared.xml,"Grasse – Places du Petit-Puy, Godeau et du 24-Août",p821,subjects,carrière,not_found,,,"aucun prefLabel ou altLabel français actif, exact ou équivalent typographique unique ; XML laissé inchangé"
AdlFI_PACA_2023_prepared.xml,"Grasse – Places du Petit-Puy, Godeau et du 24-Août",p821,subjects,sépulture,indexed_exact,,https://ark.frantiq.fr/ark:/26678/pcrt795b632nWw,
AdlFI_PACA_2023_prepared.xml,"Grasse – Places du Petit-Puy, Godeau et du 24-Août",p822,chronology,âge du Fer,indexed_typographic,âge du fer,https://ark.frantiq.fr/ark:/26678/pcrtW9SpIgIk7Q,
AdlFI_PACA_2023_prepared.xml,"Grasse – Places du Petit-Puy, Godeau et du 24-Août",p822,chronology,époque moderne,indexed_exact,,https://ark.frantiq.fr/ark:/26678/pcrtPSEEZSBEJp,
AdlFI_PACA_2023_prepared.xml,"Grasse – Places du Petit-Puy, Godeau et du 24-Août",p826,fieldwork_method,opération de diagnostic,indexed_exact,,https://ark.frantiq.fr/ark:/26678/pcrtWWQS75V5Bc,
AdlFI_PACA_2023_prepared.xml,Levens – Notre-Dame-des-Prés,p833,subjects,église paroissiale,indexed_exact,,https://ark.frantiq.fr/ark:/26678/pcrtkxDeyQJnUv,
AdlFI_PACA_2023_prepared.xml,Levens – Notre-Dame-des-Prés,p833,subjects,cimetière chrétien,indexed_exact,,https://ark.frantiq.fr/ark:/26678/pcrtSDmqv2zljj,
AdlFI_PACA_2023_prepared.xml,Levens – Notre-Dame-des-Prés,p833,subjects,sépulture,indexed_exact,,https://ark.frantiq.fr/ark:/26678/pcrt795b632nWw,
AdlFI_PACA_2023_prepared.xml,Levens – Notre-Dame-des-Prés,p833,subjects,fosse de plantation,indexed_exact,,https://ark.frantiq.fr/ark:/26678/pcrtKl3VI9w0s6,
AdlFI_PACA_2023_prepared.xml,Levens – Notre-Dame-des-Prés,p833,subjects,drain,indexed_exact,,https://ark.frantiq.fr/ark:/26678/pcrtthlTfnSHQp,
AdlFI_PACA_2023_prepared.xml,Levens – Notre-Dame-des-Prés,p833,subjects,établissement rural,indexed_exact,,https://ark.frantiq.fr/ark:/26678/crt5AOuUmbGVy,
AdlFI_PACA_2023_prepared.xml,Levens – Notre-Dame-des-Prés,p833,subjects,bassin,not_found,,,"aucun prefLabel ou altLabel français actif, exact ou équivalent typographique unique ; XML laissé inchangé"
AdlFI_PACA_2023_prepared.xml,Levens – Notre-Dame-des-Prés,p834,chronology,Haut-Empire romain,indexed_exact,,https://ark.frantiq.fr/ark:/26678/pcrtH5r3FYBpwe,
AdlFI_PACA_2023_prepared.xml,Levens – Notre-Dame-des-Prés,p834,chronology,époque médiévale,indexed_exact,,https://ark.frantiq.fr/ark:/26678/pcrtAQyKm9qosx,
AdlFI_PACA_2023_prepared.xml,Levens – Notre-Dame-des-Prés,p834,chronology,époque moderne,indexed_exact,,https://ark.frantiq.fr/ark:/26678/pcrtPSEEZSBEJp,
AdlFI_PACA_2023_prepared.xml,Levens – Notre-Dame-des-Prés,p834,chronology,époque contemporaine,indexed_exact,,https://ark.frantiq.fr/ark:/26678/pcrt59R77d1H15,
AdlFI_PACA_2023_prepared.xml,Levens – Notre-Dame-des-Prés,p838,fieldwork_method,opération de diagnostic,indexed_exact,,https://ark.frantiq.fr/ark:/26678/pcrtWWQS75V5Bc,
AdlFI_PACA_2023_prepared.xml,Nice – Colline du château,p851,subjects,cathédrale,indexed_exact,,https://ark.frantiq.fr/ark:/26678/pcrtAhnxMt1kMc,
AdlFI_PACA_2023_prepared.xml,Nice – Colline du château,p851,subjects,cloître,indexed_exact,,https://ark.frantiq.fr/ark:/26678/pcrtug0BSh8Km8,
AdlFI_PACA_2023_prepared.xml,Nice – Colline du château,p851,subjects,cimetière chrétien,indexed_exact,,https://ark.frantiq.fr/ark:/26678/pcrtSDmqv2zljj,
AdlFI_PACA_2023_prepared.xml,Nice – Colline du château,p851,subjects,sépulture à inhumation,indexed_exact,,https://ark.frantiq.fr/ark:/26678/pcrt8p3mfhtf65,
AdlFI_PACA_2023_prepared.xml,Nice – Colline du château,p851,subjects,mur,indexed_exact,,https://ark.frantiq.fr/ark:/26678/pcrtIxHmbVwDYW,
AdlFI_PACA_2023_prepared.xml,Nice – Colline du château,p851,subjects,os animal,indexed_exact,,https://ark.frantiq.fr/ark:/26678/pcrtxaAvFeoE3Z,
AdlFI_PACA_2023_prepared.xml,Nice – Colline du château,p852,chronology,Antiquité romaine,indexed_exact,,https://ark.frantiq.fr/ark:/26678/pcrtZTmusVUU24,
AdlFI_PACA_2023_prepared.xml,Nice – Colline du château,p852,chronology,Moyen Âge classique,indexed_typographic,Moyen Âge classique,https://ark.frantiq.fr/ark:/26678/pcrtAjWBVFSefH,
AdlFI_PACA_2023_prepared.xml,Nice – Colline du château,p856,fieldwork_method,fouille programmée,indexed_exact,,https://ark.frantiq.fr/ark:/26678/crtSrWQs2w2KV,
AdlFI_PACA_2023_prepared.xml,Nice – Grotte du Lazaret,p873,subjects,grotte,indexed_exact,,https://ark.frantiq.fr/ark:/26678/pcrtxKnfzXYMxK,
AdlFI_PACA_2023_prepared.xml,Nice – Grotte du Lazaret,p873,subjects,archéozoologie,indexed_exact,,https://ark.frantiq.fr/ark:/26678/pcrtRmSldQaKLx,
AdlFI_PACA_2023_prepared.xml,Nice – Grotte du Lazaret,p873,subjects,os animal,indexed_exact,,https://ark.frantiq.fr/ark:/26678/pcrtxaAvFeoE3Z,
AdlFI_PACA_2023_prepared.xml,Nice – Grotte du Lazaret,p873,subjects,industrie lithique,indexed_exact,,https://ark.frantiq.fr/ark:/26678/pcrtbfqVEeganP,
AdlFI_PACA_2023_prepared.xml,Nice – Grotte du Lazaret,p874,chronology,Paléolithique,indexed_exact,,https://ark.frantiq.fr/ark:/26678/pcrtFS9v4PxyYL,
AdlFI_PACA_2023_prepared.xml,Nice – Grotte du Lazaret,p878,fieldwork_method,projet collectif de recherche,indexed_exact,,https://ark.frantiq.fr/ark:/26678/crtqI2kNablQH,
AdlFI_PACA_2023_prepared.xml,Saint-Jeannet – Chapelle San Peïre,p891,subjects,chapelle,indexed_exact,,https://ark.frantiq.fr/ark:/26678/pcrtXbnSYWENsu,
AdlFI_PACA_2023_prepared.xml,Saint-Jeannet – Chapelle San Peïre,p891,subjects,sépulture à inhumation,indexed_exact,,https://ark.frantiq.fr/ark:/26678/pcrt8p3mfhtf65,
AdlFI_PACA_2023_prepared.xml,Saint-Jeannet – Chapelle San Peïre,p891,subjects,four,indexed_exact,,https://ark.frantiq.fr/ark:/26678/pcrtIqEHwJLuq0,
AdlFI_PACA_2023_prepared.xml,Saint-Jeannet – Chapelle San Peïre,p892,chronology,bas Moyen Âge,indexed_typographic,bas Moyen Âge,https://ark.frantiq.fr/ark:/26678/pcrtkWqzTusoxz,
AdlFI_PACA_2023_prepared.xml,Saint-Jeannet – Chapelle San Peïre,p896,fieldwork_method,fouille préventive,indexed_exact,,https://ark.frantiq.fr/ark:/26678/pcrtcJxzOpgs7T,
AdlFI_PACA_2023_prepared.xml,"Valdeblore – La Roche, abris Pietri",p909,subjects,abri sous roche,indexed_exact,,https://ark.frantiq.fr/ark:/26678/pcrtkeLpJpVN4t,
AdlFI_PACA_2023_prepared.xml,"Valdeblore – La Roche, abris Pietri",p909,subjects,peinture rupestre,indexed_exact,,https://ark.frantiq.fr/ark:/26678/pcrtGQAvQ8BYiP,
AdlFI_PACA_2023_prepared.xml,"Valdeblore – La Roche, abris Pietri",p910,chronology,Néolithique final,indexed_exact,,https://ark.frantiq.fr/ark:/26678/pcrtkWTHVxnZWN,
AdlFI_PACA_2023_prepared.xml,"Valdeblore – La Roche, abris Pietri",p910,chronology,Bronze ancien,indexed_exact,,https://ark.frantiq.fr/ark:/26678/pcrtU9wwh3D5FE,
AdlFI_PACA_2023_prepared.xml,"Valdeblore – La Roche, abris Pietri",p914,fieldwork_method,fouille préventive,indexed_exact,,https://ark.frantiq.fr/ark:/26678/pcrtcJxzOpgs7T,
AdlFI_PACA_2023_prepared.xml,"Aix-en-Provence – Cours Sextius, rénovation réseaux",p925,subjects,fossé défensif,indexed_exact,,https://ark.frantiq.fr/ark:/26678/pcrtgjiiEm8kOO,
AdlFI_PACA_2023_prepared.xml,"Aix-en-Provence – Cours Sextius, rénovation réseaux",p925,subjects,rempart,indexed_exact,,https://ark.frantiq.fr/ark:/26678/pcrtMmh3cNfKb3,
AdlFI_PACA_2023_prepared.xml,"Aix-en-Provence – Cours Sextius, rénovation réseaux",p925,subjects,courtine,indexed_exact,,https://ark.frantiq.fr/ark:/26678/pcrtRV35MASQWr,
AdlFI_PACA_2023_prepared.xml,"Aix-en-Provence – Cours Sextius, rénovation réseaux",p925,subjects,cave,indexed_exact,,https://ark.frantiq.fr/ark:/26678/pcrtHcRTVDR1pt,
AdlFI_PACA_2023_prepared.xml,"Aix-en-Provence – Cours Sextius, rénovation réseaux",p926,chronology,bas Moyen Âge,indexed_typographic,bas Moyen Âge,https://ark.frantiq.fr/ark:/26678/pcrtkWqzTusoxz,
AdlFI_PACA_2023_prepared.xml,"Aix-en-Provence – Cours Sextius, rénovation réseaux",p926,chronology,époque moderne,indexed_exact,,https://ark.frantiq.fr/ark:/26678/pcrtPSEEZSBEJp,
AdlFI_PACA_2023_prepared.xml,"Aix-en-Provence – Cours Sextius, rénovation réseaux",p930,fieldwork_method,opération de diagnostic,indexed_exact,,https://ark.frantiq.fr/ark:/26678/pcrtWWQS75V5Bc,
AdlFI_PACA_2023_prepared.xml,"Aix-en-Provence – Rue Manuel, rénovation réseaux",p941,subjects,palais,indexed_exact,,https://ark.frantiq.fr/ark:/26678/pcrtISZAuzsISK,
AdlFI_PACA_2023_prepared.xml,"Aix-en-Provence – Rue Manuel, rénovation réseaux",p942,chronology,bas Moyen Âge,indexed_typographic,bas Moyen Âge,https://ark.frantiq.fr/ark:/26678/pcrtkWqzTusoxz,
AdlFI_PACA_2023_prepared.xml,"Aix-en-Provence – Rue Manuel, rénovation réseaux",p942,chronology,époque moderne,indexed_exact,,https://ark.frantiq.fr/ark:/26678/pcrtPSEEZSBEJp,
AdlFI_PACA_2023_prepared.xml,"Aix-en-Provence – Rue Manuel, rénovation réseaux",p946,fieldwork_method,opération de diagnostic,indexed_exact,,https://ark.frantiq.fr/ark:/26678/pcrtWWQS75V5Bc,
AdlFI_PACA_2023_prepared.xml,Aix-en-Provence – Place d’Albertas,p956,subjects,place,indexed_exact,,https://ark.frantiq.fr/ark:/26678/pcrtw4WU5RpLdF,
AdlFI_PACA_2023_prepared.xml,Aix-en-Provence – Place d’Albertas,p956,subjects,îlot urbain,indexed_exact,,https://ark.frantiq.fr/ark:/26678/pcrtSmefwuwa97,
AdlFI_PACA_2023_prepared.xml,Aix-en-Provence – Place d’Albertas,p956,subjects,cave,indexed_exact,,https://ark.frantiq.fr/ark:/26678/pcrtHcRTVDR1pt,
AdlFI_PACA_2023_prepared.xml,Aix-en-Provence – Place d’Albertas,p956,subjects,puits à eau,indexed_exact,,https://ark.frantiq.fr/ark:/26678/pcrtiS8Ollckzn,
AdlFI_PACA_2023_prepared.xml,Aix-en-Provence – Place d’Albertas,p956,subjects,cuve à vin,indexed_exact,,https://ark.frantiq.fr/ark:/26678/pcrtQawWpG1Vw9,
AdlFI_PACA_2023_prepared.xml,Aix-en-Provence – Place d’Albertas,p957,chronology,bas Moyen Âge,indexed_typographic,bas Moyen Âge,https://ark.frantiq.fr/ark:/26678/pcrtkWqzTusoxz,
AdlFI_PACA_2023_prepared.xml,Aix-en-Provence – Place d’Albertas,p957,chronology,époque moderne,indexed_exact,,https://ark.frantiq.fr/ark:/26678/pcrtPSEEZSBEJp,
AdlFI_PACA_2023_prepared.xml,Aix-en-Provence – Place d’Albertas,p961,fieldwork_method,fouille préventive,indexed_exact,,https://ark.frantiq.fr/ark:/26678/pcrtcJxzOpgs7T,
AdlFI_PACA_2023_prepared.xml,"Aix-en-Provence – Impasse Grassi, groupe scolaire",p974,subjects,cardo,indexed_exact,,https://ark.frantiq.fr/ark:/26678/pcrttS5ToD19OK,
AdlFI_PACA_2023_prepared.xml,"Aix-en-Provence – Impasse Grassi, groupe scolaire",p974,subjects,domus,indexed_exact,,https://ark.frantiq.fr/ark:/26678/pcrtBTWy6SwZAu,
AdlFI_PACA_2023_prepared.xml,"Aix-en-Provence – Impasse Grassi, groupe scolaire",p974,subjects,fosse-dépotoir,indexed_exact,,https://ark.frantiq.fr/ark:/26678/pcrtp5Wcpmp9I3,
AdlFI_PACA_2023_prepared.xml,"Aix-en-Provence – Impasse Grassi, groupe scolaire",p975,chronology,Haut-Empire romain,indexed_exact,,https://ark.frantiq.fr/ark:/26678/pcrtH5r3FYBpwe,
AdlFI_PACA_2023_prepared.xml,"Aix-en-Provence – Impasse Grassi, groupe scolaire",p975,chronology,Bas-Empire romain,indexed_exact,,https://ark.frantiq.fr/ark:/26678/pcrt0auHUwTKix,
AdlFI_PACA_2023_prepared.xml,"Aix-en-Provence – Impasse Grassi, groupe scolaire",p979,fieldwork_method,opération de diagnostic,indexed_exact,,https://ark.frantiq.fr/ark:/26678/pcrtWWQS75V5Bc,
AdlFI_PACA_2023_prepared.xml,Aix-en-Provence – Chemin de la Présidente,p993,subjects,vigne,indexed_exact,,https://ark.frantiq.fr/ark:/26678/pcrtihlJWfvH4v,
AdlFI_PACA_2023_prepared.xml,Aix-en-Provence – Chemin de la Présidente,p993,subjects,fossé,not_found,,,"aucun prefLabel ou altLabel français actif, exact ou équivalent typographique unique ; XML laissé inchangé"
AdlFI_PACA_2023_prepared.xml,Aix-en-Provence – Chemin de la Présidente,p993,subjects,fosse de plantation,indexed_exact,,https://ark.frantiq.fr/ark:/26678/pcrtKl3VI9w0s6,
AdlFI_PACA_2023_prepared.xml,Aix-en-Provence – Chemin de la Présidente,p993,subjects,drain,indexed_exact,,https://ark.frantiq.fr/ark:/26678/pcrtthlTfnSHQp,
AdlFI_PACA_2023_prepared.xml,Aix-en-Provence – Chemin de la Présidente,p994,chronology,second âge du Fer,indexed_typographic,second âge du fer,https://ark.frantiq.fr/ark:/26678/pcrtxVmyWBbIQq,
AdlFI_PACA_2023_prepared.xml,Aix-en-Provence – Chemin de la Présidente,p998,fieldwork_method,opération de diagnostic,indexed_exact,,https://ark.frantiq.fr/ark:/26678/pcrtWWQS75V5Bc,
AdlFI_PACA_2023_prepared.xml,Aix-en-Provence – 11 rue des Chartreux,p1011,subjects,habitation,indexed_exact,,https://ark.frantiq.fr/ark:/26678/pcrtSxe2PZMWR8,
AdlFI_PACA_2023_prepared.xml,Aix-en-Provence – 11 rue des Chartreux,p1011,subjects,appareil,indexed_exact,,https://ark.frantiq.fr/ark:/26678/pcrtKAnya8qfkN,
AdlFI_PACA_2023_prepared.xml,Aix-en-Provence – 11 rue des Chartreux,p1012,chronology,Haut-Empire romain,indexed_exact,,https://ark.frantiq.fr/ark:/26678/pcrtH5r3FYBpwe,
AdlFI_PACA_2023_prepared.xml,Aix-en-Provence – 11 rue des Chartreux,p1016,fieldwork_method,opération de diagnostic,indexed_exact,,https://ark.frantiq.fr/ark:/26678/pcrtWWQS75V5Bc,
AdlFI_PACA_2023_prepared.xml,"Aix-en-Provence – Route de Marseille, Les Trois Pigeons nord",p1027,subjects,auberge,indexed_exact,,https://ark.frantiq.fr/ark:/26678/pcrtsrlRWaly2K,
AdlFI_PACA_2023_prepared.xml,"Aix-en-Provence – Route de Marseille, Les Trois Pigeons nord",p1027,subjects,céramique gallo-romaine,indexed_exact,,https://ark.frantiq.fr/ark:/26678/pcrtRSkVB0xGL9,
AdlFI_PACA_2023_prepared.xml,"Aix-en-Provence – Route de Marseille, Les Trois Pigeons nord",p1028,chronology,Antiquité romaine,indexed_exact,,https://ark.frantiq.fr/ark:/26678/pcrtZTmusVUU24,
AdlFI_PACA_2023_prepared.xml,"Aix-en-Provence – Route de Marseille, Les Trois Pigeons nord",p1028,chronology,époque moderne,indexed_exact,,https://ark.frantiq.fr/ark:/26678/pcrtPSEEZSBEJp,
AdlFI_PACA_2023_prepared.xml,"Aix-en-Provence – Route de Marseille, Les Trois Pigeons nord",p1028,chronology,époque contemporaine,indexed_exact,,https://ark.frantiq.fr/ark:/26678/pcrt59R77d1H15,
AdlFI_PACA_2023_prepared.xml,"Aix-en-Provence – Route de Marseille, Les Trois Pigeons nord",p1032,fieldwork_method,opération de diagnostic,indexed_exact,,https://ark.frantiq.fr/ark:/26678/pcrtWWQS75V5Bc,
AdlFI_PACA_2023_prepared.xml,Aix-en-Provence – 2 rue Gaston-de-Saporta,p1039,subjects,immeuble,indexed_exact,,https://ark.frantiq.fr/ark:/26678/pcrt2f8QaSD6TS,
AdlFI_PACA_2023_prepared.xml,Aix-en-Provence – 2 rue Gaston-de-Saporta,p1039,subjects,fondation de bâtiment,indexed_exact,,https://ark.frantiq.fr/ark:/26678/pcrtBedPXm0UJJ,
AdlFI_PACA_2023_prepared.xml,Aix-en-Provence – 2 rue Gaston-de-Saporta,p1040,chronology,Moyen Âge classique,indexed_typographic,Moyen Âge classique,https://ark.frantiq.fr/ark:/26678/pcrtAjWBVFSefH,
AdlFI_PACA_2023_prepared.xml,Aix-en-Provence – 2 rue Gaston-de-Saporta,p1040,chronology,époque moderne,indexed_exact,,https://ark.frantiq.fr/ark:/26678/pcrtPSEEZSBEJp,
AdlFI_PACA_2023_prepared.xml,Aix-en-Provence – 2 rue Gaston-de-Saporta,p1044,fieldwork_method,opération de diagnostic,indexed_exact,,https://ark.frantiq.fr/ark:/26678/pcrtWWQS75V5Bc,
AdlFI_PACA_2023_prepared.xml,Aix-en-Provence – Hôtel de Châteaurenard,p1050,subjects,hôtel particulier,indexed_exact,,https://ark.frantiq.fr/ark:/26678/pcrtH0uZdhhYgG,
AdlFI_PACA_2023_prepared.xml,Aix-en-Provence – Hôtel de Châteaurenard,p1050,subjects,façade,indexed_exact,,https://ark.frantiq.fr/ark:/26678/pcrtLbjx1LR0E0,
AdlFI_PACA_2023_prepared.xml,Aix-en-Provence – Hôtel de Châteaurenard,p1051,chronology,époque moderne,indexed_exact,,https://ark.frantiq.fr/ark:/26678/pcrtPSEEZSBEJp,
AdlFI_PACA_2023_prepared.xml,Aix-en-Provence – Hôtel de Châteaurenard,p1051,chronology,époque contemporaine,indexed_exact,,https://ark.frantiq.fr/ark:/26678/pcrt59R77d1H15,
AdlFI_PACA_2023_prepared.xml,Aix-en-Provence – Hôtel de Châteaurenard,p1055,fieldwork_method,opération de diagnostic,indexed_exact,,https://ark.frantiq.fr/ark:/26678/pcrtWWQS75V5Bc,
AdlFI_PACA_2023_prepared.xml,Aix-en-Provence – 9bis avenue de Grassi,p1067,subjects,habitation,indexed_exact,,https://ark.frantiq.fr/ark:/26678/pcrtSxe2PZMWR8,
AdlFI_PACA_2023_prepared.xml,Aix-en-Provence – 9bis avenue de Grassi,p1067,subjects,mur,indexed_exact,,https://ark.frantiq.fr/ark:/26678/pcrtIxHmbVwDYW,
AdlFI_PACA_2023_prepared.xml,Aix-en-Provence – 9bis avenue de Grassi,p1068,chronology,Empire romain,indexed_exact,,https://ark.frantiq.fr/ark:/26678/pcrtIkSWVMVuqB,
AdlFI_PACA_2023_prepared.xml,Aix-en-Provence – 9bis avenue de Grassi,p1072,fieldwork_method,fouille préventive,indexed_exact,,https://ark.frantiq.fr/ark:/26678/pcrtcJxzOpgs7T,
AdlFI_PACA_2023_prepared.xml,Aix-en-Provence – Stade Carcassonne,p1081,subjects,parcellaire,indexed_exact,,https://ark.frantiq.fr/ark:/26678/pcrt3G8RooGUeu,
AdlFI_PACA_2023_prepared.xml,Aix-en-Provence – Stade Carcassonne,p1081,subjects,tranchée militaire,indexed_exact,,https://ark.frantiq.fr/ark:/26678/pcrtwqtp8rmr14qb9jpwwt89,
AdlFI_PACA_2023_prepared.xml,Aix-en-Provence – Stade Carcassonne,p1082,chronology,époque contemporaine,indexed_exact,,https://ark.frantiq.fr/ark:/26678/pcrt59R77d1H15,
AdlFI_PACA_2023_prepared.xml,Aix-en-Provence – Stade Carcassonne,p1086,fieldwork_method,opération de diagnostic,indexed_exact,,https://ark.frantiq.fr/ark:/26678/pcrtWWQS75V5Bc,
AdlFI_PACA_2023_prepared.xml,Aix-en-Provence – Analyses archéométriques de céramiques antiques et contemporaines,p1092,subjects,céramique non tournée,not_found,,,"aucun prefLabel ou altLabel français actif, exact ou équivalent typographique unique ; XML laissé inchangé"
AdlFI_PACA_2023_prepared.xml,Aix-en-Provence – Analyses archéométriques de céramiques antiques et contemporaines,p1093,chronology,second âge du Fer,indexed_typographic,second âge du fer,https://ark.frantiq.fr/ark:/26678/pcrtxVmyWBbIQq,
AdlFI_PACA_2023_prepared.xml,Aix-en-Provence – Analyses archéométriques de céramiques antiques et contemporaines,p1093,chronology,époque augustéenne,indexed_exact,,https://ark.frantiq.fr/ark:/26678/pcrtglKdV7BFE7,
AdlFI_PACA_2023_prepared.xml,Aix-en-Provence – Analyses archéométriques de céramiques antiques et contemporaines,p1093,chronology,époque contemporaine,indexed_exact,,https://ark.frantiq.fr/ark:/26678/pcrt59R77d1H15,
AdlFI_PACA_2023_prepared.xml,Aix-en-Provence – Analyses archéométriques de céramiques antiques et contemporaines,p1097,fieldwork_method,programme d’analyses,indexed_typographic,programme d'analyses,https://ark.frantiq.fr/ark:/26678/crtzz3k12Au4F,
AdlFI_PACA_2023_prepared.xml,Aix-en-Provence – Établissement scolaire Sainte-Catherine-de-Sienne,p1105,subjects,couvent,indexed_exact,,https://ark.frantiq.fr/ark:/26678/pcrtqLkW2z3SmU,
AdlFI_PACA_2023_prepared.xml,Aix-en-Provence – Établissement scolaire Sainte-Catherine-de-Sienne,p1105,subjects,jardin,indexed_exact,,https://ark.frantiq.fr/ark:/26678/pcrtXhKSYgoqeP,
AdlFI_PACA_2023_prepared.xml,Aix-en-Provence – Établissement scolaire Sainte-Catherine-de-Sienne,p1105,subjects,fosse de plantation,indexed_exact,,https://ark.frantiq.fr/ark:/26678/pcrtKl3VI9w0s6,
AdlFI_PACA_2023_prepared.xml,Aix-en-Provence – Établissement scolaire Sainte-Catherine-de-Sienne,p1105,subjects,bassin,not_found,,,"aucun prefLabel ou altLabel français actif, exact ou équivalent typographique unique ; XML laissé inchangé"
AdlFI_PACA_2023_prepared.xml,Aix-en-Provence – Établissement scolaire Sainte-Catherine-de-Sienne,p1106,chronology,Haut-Empire romain,indexed_exact,,https://ark.frantiq.fr/ark:/26678/pcrtH5r3FYBpwe,
AdlFI_PACA_2023_prepared.xml,Aix-en-Provence – Établissement scolaire Sainte-Catherine-de-Sienne,p1106,chronology,bas Moyen Âge,indexed_typographic,bas Moyen Âge,https://ark.frantiq.fr/ark:/26678/pcrtkWqzTusoxz,
AdlFI_PACA_2023_prepared.xml,Aix-en-Provence – Établissement scolaire Sainte-Catherine-de-Sienne,p1106,chronology,époque moderne,indexed_exact,,https://ark.frantiq.fr/ark:/26678/pcrtPSEEZSBEJp,
AdlFI_PACA_2023_prepared.xml,Aix-en-Provence – Établissement scolaire Sainte-Catherine-de-Sienne,p1106,chronology,époque contemporaine,indexed_exact,,https://ark.frantiq.fr/ark:/26678/pcrt59R77d1H15,
AdlFI_PACA_2023_prepared.xml,Aix-en-Provence – Établissement scolaire Sainte-Catherine-de-Sienne,p1110,fieldwork_method,opération de diagnostic,indexed_exact,,https://ark.frantiq.fr/ark:/26678/pcrtWWQS75V5Bc,
AdlFI_PACA_2023_prepared.xml,Aix-en-Provence – 905 avenue du Camp-de-Menthe,p1126,subjects,fleuve,indexed_exact,,https://ark.frantiq.fr/ark:/26678/pcrt7VzGc5ZUum,
AdlFI_PACA_2023_prepared.xml,Aix-en-Provence – 905 avenue du Camp-de-Menthe,p1126,subjects,sédiment,indexed_exact,,https://ark.frantiq.fr/ark:/26678/pcrtjbpmw8qvrn,
AdlFI_PACA_2023_prepared.xml,Aix-en-Provence – 905 avenue du Camp-de-Menthe,p1126,subjects,dépotoir,indexed_exact,,https://ark.frantiq.fr/ark:/26678/pcrteJiI6BxaFN,
AdlFI_PACA_2023_prepared.xml,Aix-en-Provence – 905 avenue du Camp-de-Menthe,p1127,chronology,époque contemporaine,indexed_exact,,https://ark.frantiq.fr/ark:/26678/pcrt59R77d1H15,
AdlFI_PACA_2023_prepared.xml,Aix-en-Provence – 905 avenue du Camp-de-Menthe,p1131,fieldwork_method,opération de diagnostic,indexed_exact,,https://ark.frantiq.fr/ark:/26678/pcrtWWQS75V5Bc,
AdlFI_PACA_2023_prepared.xml,"Aix-en-Provence – Collège Mignet, avenue Malherbe",p1139,subjects,couvent,indexed_exact,,https://ark.frantiq.fr/ark:/26678/pcrtqLkW2z3SmU,
AdlFI_PACA_2023_prepared.xml,"Aix-en-Provence – Collège Mignet, avenue Malherbe",p1139,subjects,bâtiment sur poteau,not_found,,,"aucun prefLabel ou altLabel français actif, exact ou équivalent typographique unique ; XML laissé inchangé"
AdlFI_PACA_2023_prepared.xml,"Aix-en-Provence – Collège Mignet, avenue Malherbe",p1139,subjects,empierrement,indexed_exact,,https://ark.frantiq.fr/ark:/26678/pcrthr1ylBhyBN,
AdlFI_PACA_2023_prepared.xml,"Aix-en-Provence – Collège Mignet, avenue Malherbe",p1140,chronology,Antiquité romaine,indexed_exact,,https://ark.frantiq.fr/ark:/26678/pcrtZTmusVUU24,
AdlFI_PACA_2023_prepared.xml,"Aix-en-Provence – Collège Mignet, avenue Malherbe",p1140,chronology,bas Moyen Âge,indexed_typographic,bas Moyen Âge,https://ark.frantiq.fr/ark:/26678/pcrtkWqzTusoxz,
AdlFI_PACA_2023_prepared.xml,"Aix-en-Provence – Collège Mignet, avenue Malherbe",p1140,chronology,époque moderne,indexed_exact,,https://ark.frantiq.fr/ark:/26678/pcrtPSEEZSBEJp,
AdlFI_PACA_2023_prepared.xml,"Aix-en-Provence – Collège Mignet, avenue Malherbe",p1144,fieldwork_method,fouille préventive,indexed_exact,,https://ark.frantiq.fr/ark:/26678/pcrtcJxzOpgs7T,
AdlFI_PACA_2023_prepared.xml,"Aix-en-Provence – Puyricard, Notre-Dame-de-l’Assomption",p1154,subjects,église,indexed_exact,,https://ark.frantiq.fr/ark:/26678/pcrtoV7zLJpAfX,
AdlFI_PACA_2023_prepared.xml,"Aix-en-Provence – Puyricard, Notre-Dame-de-l’Assomption",p1154,subjects,chapelle latérale,indexed_exact,,https://ark.frantiq.fr/ark:/26678/pcrtIeFHj8DxiA,
AdlFI_PACA_2023_prepared.xml,"Aix-en-Provence – Puyricard, Notre-Dame-de-l’Assomption",p1155,chronology,Moyen Âge classique,indexed_typographic,Moyen Âge classique,https://ark.frantiq.fr/ark:/26678/pcrtAjWBVFSefH,
AdlFI_PACA_2023_prepared.xml,"Aix-en-Provence – Puyricard, Notre-Dame-de-l’Assomption",p1159,fieldwork_method,fouille préventive,indexed_exact,,https://ark.frantiq.fr/ark:/26678/pcrtcJxzOpgs7T,
AdlFI_PACA_2023_prepared.xml,Aix-en-Provence – Chemin des Arcades,p1169,subjects,fosse de rejet,indexed_exact,,https://ark.frantiq.fr/ark:/26678/pcrt5k9chxqsrr,
AdlFI_PACA_2023_prepared.xml,Aix-en-Provence – Chemin des Arcades,p1169,subjects,drain,indexed_exact,,https://ark.frantiq.fr/ark:/26678/pcrtthlTfnSHQp,
AdlFI_PACA_2023_prepared.xml,Aix-en-Provence – Chemin des Arcades,p1170,chronology,Néolithique récent,indexed_exact,,https://ark.frantiq.fr/ark:/26678/pcrtdnSecgloEJ,
AdlFI_PACA_2023_prepared.xml,Aix-en-Provence – Chemin des Arcades,p1170,chronology,Bronze ancien,indexed_exact,,https://ark.frantiq.fr/ark:/26678/pcrtU9wwh3D5FE,
AdlFI_PACA_2023_prepared.xml,Aix-en-Provence – Chemin des Arcades,p1170,chronology,époque contemporaine,indexed_exact,,https://ark.frantiq.fr/ark:/26678/pcrt59R77d1H15,
AdlFI_PACA_2023_prepared.xml,Aix-en-Provence – Chemin des Arcades,p1174,fieldwork_method,opération de diagnostic,indexed_exact,,https://ark.frantiq.fr/ark:/26678/pcrtWWQS75V5Bc,
AdlFI_PACA_2023_prepared.xml,Aix-en-Provence – Ancien collège des Prêcheurs,p1180,subjects,couvent,indexed_exact,,https://ark.frantiq.fr/ark:/26678/pcrtqLkW2z3SmU,
AdlFI_PACA_2023_prepared.xml,Aix-en-Provence – Ancien collège des Prêcheurs,p1180,subjects,jardin,indexed_exact,,https://ark.frantiq.fr/ark:/26678/pcrtXhKSYgoqeP,
AdlFI_PACA_2023_prepared.xml,Aix-en-Provence – Ancien collège des Prêcheurs,p1180,subjects,caveau,indexed_exact,,https://ark.frantiq.fr/ark:/26678/pcrtew0pefj7au,
AdlFI_PACA_2023_prepared.xml,Aix-en-Provence – Ancien collège des Prêcheurs,p1180,subjects,sépulture à inhumation,indexed_exact,,https://ark.frantiq.fr/ark:/26678/pcrt8p3mfhtf65,
AdlFI_PACA_2023_prepared.xml,Aix-en-Provence – Ancien collège des Prêcheurs,p1181,chronology,bas Moyen Âge,indexed_typographic,bas Moyen Âge,https://ark.frantiq.fr/ark:/26678/pcrtkWqzTusoxz,
AdlFI_PACA_2023_prepared.xml,Aix-en-Provence – Ancien collège des Prêcheurs,p1181,chronology,époque moderne,indexed_exact,,https://ark.frantiq.fr/ark:/26678/pcrtPSEEZSBEJp,
AdlFI_PACA_2023_prepared.xml,Aix-en-Provence – Ancien collège des Prêcheurs,p1185,fieldwork_method,fouille préventive,indexed_exact,,https://ark.frantiq.fr/ark:/26678/pcrtcJxzOpgs7T,
AdlFI_PACA_2023_prepared.xml,Allauch – Futur groupe scolaire et centre aéré Les Embucs,p1197,subjects,fosse,indexed_exact,,https://ark.frantiq.fr/ark:/26678/pcrtms2OAv82PY,
AdlFI_PACA_2023_prepared.xml,Allauch – Futur groupe scolaire et centre aéré Les Embucs,p1197,subjects,trou de poteau,indexed_exact,,https://ark.frantiq.fr/ark:/26678/pcrtFnKonRZjWY,
AdlFI_PACA_2023_prepared.xml,Allauch – Futur groupe scolaire et centre aéré Les Embucs,p1198,chronology,Néolithique moyen,indexed_exact,,https://ark.frantiq.fr/ark:/26678/pcrt2Da0ASe5sL,
AdlFI_PACA_2023_prepared.xml,Allauch – Futur groupe scolaire et centre aéré Les Embucs,p1202,fieldwork_method,opération de diagnostic,indexed_exact,,https://ark.frantiq.fr/ark:/26678/pcrtWWQS75V5Bc,
AdlFI_PACA_2023_prepared.xml,Arles – Collège Mistral,p1206,subjects,mur,indexed_exact,,https://ark.frantiq.fr/ark:/26678/pcrtIxHmbVwDYW,
AdlFI_PACA_2023_prepared.xml,Arles – Collège Mistral,p1206,subjects,citerne,indexed_exact,,https://ark.frantiq.fr/ark:/26678/pcrtyXVLlmyt3F,
AdlFI_PACA_2023_prepared.xml,Arles – Collège Mistral,p1206,subjects,puits à eau,indexed_exact,,https://ark.frantiq.fr/ark:/26678/pcrtiS8Ollckzn,
AdlFI_PACA_2023_prepared.xml,Arles – Collège Mistral,p1206,subjects,dépotoir,indexed_exact,,https://ark.frantiq.fr/ark:/26678/pcrteJiI6BxaFN,
AdlFI_PACA_2023_prepared.xml,Arles – Collège Mistral,p1207,chronology,Empire romain,indexed_exact,,https://ark.frantiq.fr/ark:/26678/pcrtIkSWVMVuqB,
AdlFI_PACA_2023_prepared.xml,Arles – Collège Mistral,p1207,chronology,bas Moyen Âge,indexed_typographic,bas Moyen Âge,https://ark.frantiq.fr/ark:/26678/pcrtkWqzTusoxz,
AdlFI_PACA_2023_prepared.xml,Arles – Collège Mistral,p1207,chronology,époque moderne,indexed_exact,,https://ark.frantiq.fr/ark:/26678/pcrtPSEEZSBEJp,
AdlFI_PACA_2023_prepared.xml,Arles – Collège Mistral,p1211,fieldwork_method,opération de diagnostic,indexed_exact,,https://ark.frantiq.fr/ark:/26678/pcrtWWQS75V5Bc,
AdlFI_PACA_2023_prepared.xml,"Arles – Constat d’état des épaves Arles-Rhône 7, 8, 13, 14, et 15",p1221,subjects,épave,indexed_exact,,https://ark.frantiq.fr/ark:/26678/pcrtHIjtOg1P75,
AdlFI_PACA_2023_prepared.xml,"Arles – Constat d’état des épaves Arles-Rhône 7, 8, 13, 14, et 15",p1221,subjects,céramique gallo-romaine,indexed_exact,,https://ark.frantiq.fr/ark:/26678/pcrtRSkVB0xGL9,
AdlFI_PACA_2023_prepared.xml,"Arles – Constat d’état des épaves Arles-Rhône 7, 8, 13, 14, et 15",p1222,chronology,Empire romain,indexed_exact,,https://ark.frantiq.fr/ark:/26678/pcrtIkSWVMVuqB,
AdlFI_PACA_2023_prepared.xml,"Arles – Constat d’état des épaves Arles-Rhône 7, 8, 13, 14, et 15",p1226,fieldwork_method,prospection inventaire,indexed_exact,,https://ark.frantiq.fr/ark:/26678/crtBhWSZf1tw8,
AdlFI_PACA_2023_prepared.xml,"Arles – Mas Thilbert, marais du Vigueirat",p1240,subjects,paléochenal,indexed_exact,,https://ark.frantiq.fr/ark:/26678/pcrtiMWSFc5fJ2,
AdlFI_PACA_2023_prepared.xml,"Arles – Mas Thilbert, marais du Vigueirat",p1240,subjects,calade,indexed_exact,,https://ark.frantiq.fr/ark:/26678/pcrtD4TJdpefeA,
AdlFI_PACA_2023_prepared.xml,"Arles – Mas Thilbert, marais du Vigueirat",p1240,subjects,caniveau,indexed_exact,,https://ark.frantiq.fr/ark:/26678/pcrtqOAKgeSUj4,
AdlFI_PACA_2023_prepared.xml,"Arles – Mas Thilbert, marais du Vigueirat",p1240,subjects,céramique gallo-romaine,indexed_exact,,https://ark.frantiq.fr/ark:/26678/pcrtRSkVB0xGL9,
AdlFI_PACA_2023_prepared.xml,"Arles – Mas Thilbert, marais du Vigueirat",p1240,subjects,pieu,indexed_exact,,https://ark.frantiq.fr/ark:/26678/pcrtL3WSQJjK9w,
AdlFI_PACA_2023_prepared.xml,"Arles – Mas Thilbert, marais du Vigueirat",p1241,chronology,Protohistoire,indexed_exact,,https://ark.frantiq.fr/ark:/26678/pcrtHlenwSnkDM,
AdlFI_PACA_2023_prepared.xml,"Arles – Mas Thilbert, marais du Vigueirat",p1241,chronology,Haut-Empire romain,indexed_exact,,https://ark.frantiq.fr/ark:/26678/pcrtH5r3FYBpwe,
AdlFI_PACA_2023_prepared.xml,"Arles – Mas Thilbert, marais du Vigueirat",p1244,fieldwork_method,fouille programmée,indexed_exact,,https://ark.frantiq.fr/ark:/26678/crtSrWQs2w2KV,
AdlFI_PACA_2023_prepared.xml,"Aubagne – Le Gast, route de Napollon",p1257,subjects,fossé,not_found,,,"aucun prefLabel ou altLabel français actif, exact ou équivalent typographique unique ; XML laissé inchangé"
AdlFI_PACA_2023_prepared.xml,"Aubagne – Le Gast, route de Napollon",p1257,subjects,fossé parcellaire,indexed_exact,,https://ark.frantiq.fr/ark:/26678/pcrtSjw3kLPdoh,
AdlFI_PACA_2023_prepared.xml,"Aubagne – Le Gast, route de Napollon",p1257,subjects,fosse de plantation,indexed_exact,,https://ark.frantiq.fr/ark:/26678/pcrtKl3VI9w0s6,
AdlFI_PACA_2023_prepared.xml,"Aubagne – Le Gast, route de Napollon",p1257,subjects,structure à pierres chauffées,indexed_exact,,https://ark.frantiq.fr/ark:/26678/pcrtf6v9v8kp6zb5bwxk2pv6,
AdlFI_PACA_2023_prepared.xml,"Aubagne – Le Gast, route de Napollon",p1258,chronology,Protohistoire,indexed_exact,,https://ark.frantiq.fr/ark:/26678/pcrtHlenwSnkDM,
AdlFI_PACA_2023_prepared.xml,"Aubagne – Le Gast, route de Napollon",p1258,chronology,Haut-Empire romain,indexed_exact,,https://ark.frantiq.fr/ark:/26678/pcrtH5r3FYBpwe,
AdlFI_PACA_2023_prepared.xml,"Aubagne – Le Gast, route de Napollon",p1258,chronology,époque contemporaine,indexed_exact,,https://ark.frantiq.fr/ark:/26678/pcrt59R77d1H15,
AdlFI_PACA_2023_prepared.xml,"Aubagne – Le Gast, route de Napollon",p1262,fieldwork_method,opération de diagnostic,indexed_exact,,https://ark.frantiq.fr/ark:/26678/pcrtWWQS75V5Bc,
AdlFI_PACA_2023_prepared.xml,"Aubagne – Le Gast, route Napollon",p1268,subjects,fossé,not_found,,,"aucun prefLabel ou altLabel français actif, exact ou équivalent typographique unique ; XML laissé inchangé"
AdlFI_PACA_2023_prepared.xml,"Aubagne – Le Gast, route Napollon",p1268,subjects,fosse,indexed_exact,,https://ark.frantiq.fr/ark:/26678/pcrtms2OAv82PY,
AdlFI_PACA_2023_prepared.xml,"Aubagne – Le Gast, route Napollon",p1268,subjects,silo,indexed_exact,,https://ark.frantiq.fr/ark:/26678/pcrtdgALrHBSlv,
AdlFI_PACA_2023_prepared.xml,"Aubagne – Le Gast, route Napollon",p1268,subjects,structure de combustion,indexed_exact,,https://ark.frantiq.fr/ark:/26678/pcrtJUwAaZ7Nz9,
AdlFI_PACA_2023_prepared.xml,"Aubagne – Le Gast, route Napollon",p1268,subjects,structure à pierres chauffées,indexed_exact,,https://ark.frantiq.fr/ark:/26678/pcrtf6v9v8kp6zb5bwxk2pv6,
AdlFI_PACA_2023_prepared.xml,"Aubagne – Le Gast, route Napollon",p1269,chronology,Néolithique,indexed_exact,,https://ark.frantiq.fr/ark:/26678/pcrtH8P95EucZz,
AdlFI_PACA_2023_prepared.xml,"Aubagne – Le Gast, route Napollon",p1269,chronology,âge du Bronze,indexed_typographic,âge du bronze,https://ark.frantiq.fr/ark:/26678/pcrtGTWPtWn8qu,
AdlFI_PACA_2023_prepared.xml,"Aubagne – Le Gast, route Napollon",p1273,fieldwork_method,fouille préventive,indexed_exact,,https://ark.frantiq.fr/ark:/26678/pcrtcJxzOpgs7T,
AdlFI_PACA_2023_prepared.xml,"Aubagne – Chemin du Camp de Sarlier, Mellone",p1282,subjects,fosse,indexed_exact,,https://ark.frantiq.fr/ark:/26678/pcrtms2OAv82PY,
AdlFI_PACA_2023_prepared.xml,"Aubagne – Chemin du Camp de Sarlier, Mellone",p1282,subjects,trou de poteau,indexed_exact,,https://ark.frantiq.fr/ark:/26678/pcrtFnKonRZjWY,
AdlFI_PACA_2023_prepared.xml,"Aubagne – Chemin du Camp de Sarlier, Mellone",p1282,subjects,silo,indexed_exact,,https://ark.frantiq.fr/ark:/26678/pcrtdgALrHBSlv,
AdlFI_PACA_2023_prepared.xml,"Aubagne – Chemin du Camp de Sarlier, Mellone",p1283,chronology,Néolithique final,indexed_exact,,https://ark.frantiq.fr/ark:/26678/pcrtkWTHVxnZWN,
AdlFI_PACA_2023_prepared.xml,"Aubagne – Chemin du Camp de Sarlier, Mellone",p1287,fieldwork_method,opération de diagnostic,indexed_exact,,https://ark.frantiq.fr/ark:/26678/pcrtWWQS75V5Bc,
AdlFI_PACA_2023_prepared.xml,Aubagne – 360 chemin du Camp de Sarlier,p1298,subjects,fosse,indexed_exact,,https://ark.frantiq.fr/ark:/26678/pcrtms2OAv82PY,
AdlFI_PACA_2023_prepared.xml,Aubagne – 360 chemin du Camp de Sarlier,p1299,chronology,Néolithique,indexed_exact,,https://ark.frantiq.fr/ark:/26678/pcrtH8P95EucZz,
AdlFI_PACA_2023_prepared.xml,Aubagne – 360 chemin du Camp de Sarlier,p1299,chronology,Protohistoire,indexed_exact,,https://ark.frantiq.fr/ark:/26678/pcrtHlenwSnkDM,
AdlFI_PACA_2023_prepared.xml,Aubagne – 360 chemin du Camp de Sarlier,p1303,fieldwork_method,opération de diagnostic,indexed_exact,,https://ark.frantiq.fr/ark:/26678/pcrtWWQS75V5Bc,
AdlFI_PACA_2023_prepared.xml,Aubagne – Chemin des Passons,p1308,subjects,fosse,indexed_exact,,https://ark.frantiq.fr/ark:/26678/pcrtms2OAv82PY,
AdlFI_PACA_2023_prepared.xml,Aubagne – Chemin des Passons,p1308,subjects,trou de poteau,indexed_exact,,https://ark.frantiq.fr/ark:/26678/pcrtFnKonRZjWY,
AdlFI_PACA_2023_prepared.xml,Aubagne – Chemin des Passons,p1308,subjects,silo,indexed_exact,,https://ark.frantiq.fr/ark:/26678/pcrtdgALrHBSlv,
AdlFI_PACA_2023_prepared.xml,Aubagne – Chemin des Passons,p1308,subjects,sépulture,indexed_exact,,https://ark.frantiq.fr/ark:/26678/pcrt795b632nWw,
AdlFI_PACA_2023_prepared.xml,Aubagne – Chemin des Passons,p1308,subjects,structure de combustion,indexed_exact,,https://ark.frantiq.fr/ark:/26678/pcrtJUwAaZ7Nz9,
AdlFI_PACA_2023_prepared.xml,Aubagne – Chemin des Passons,p1308,subjects,structure à pierres chauffées,indexed_exact,,https://ark.frantiq.fr/ark:/26678/pcrtf6v9v8kp6zb5bwxk2pv6,
AdlFI_PACA_2023_prepared.xml,Aubagne – Chemin des Passons,p1308,subjects,empierrement,indexed_exact,,https://ark.frantiq.fr/ark:/26678/pcrthr1ylBhyBN,
AdlFI_PACA_2023_prepared.xml,Aubagne – Chemin des Passons,p1308,subjects,industrie lithique,indexed_exact,,https://ark.frantiq.fr/ark:/26678/pcrtbfqVEeganP,
AdlFI_PACA_2023_prepared.xml,Aubagne – Chemin des Passons,p1309,chronology,Mésolithique,indexed_exact,,https://ark.frantiq.fr/ark:/26678/pcrtNs85SfBRuH,
AdlFI_PACA_2023_prepared.xml,Aubagne – Chemin des Passons,p1309,chronology,Sauveterrien,not_found,,,"aucun prefLabel ou altLabel français actif, exact ou équivalent typographique unique ; XML laissé inchangé"
AdlFI_PACA_2023_prepared.xml,Aubagne – Chemin des Passons,p1309,chronology,Néolithique,indexed_exact,,https://ark.frantiq.fr/ark:/26678/pcrtH8P95EucZz,
AdlFI_PACA_2023_prepared.xml,Aubagne – Chemin des Passons,p1309,chronology,Bronze ancien,indexed_exact,,https://ark.frantiq.fr/ark:/26678/pcrtU9wwh3D5FE,
AdlFI_PACA_2023_prepared.xml,Aubagne – Chemin des Passons,p1309,chronology,Bronze final,indexed_exact,,https://ark.frantiq.fr/ark:/26678/pcrtQGLpWkh9Gt,
AdlFI_PACA_2023_prepared.xml,Aubagne – Chemin des Passons,p1309,chronology,premier âge du Fer,indexed_typographic,premier âge du fer,https://ark.frantiq.fr/ark:/26678/pcrtS9zS3EMQiR,
AdlFI_PACA_2023_prepared.xml,Aubagne – Chemin des Passons,p1313,fieldwork_method,fouille préventive,indexed_exact,,https://ark.frantiq.fr/ark:/26678/pcrtcJxzOpgs7T,
AdlFI_PACA_2023_prepared.xml,"Aubagne – Abords de l’Huveaune, centre-ville",p1325,subjects,aménagement de berge,indexed_exact,,https://ark.frantiq.fr/ark:/26678/pcrtORlgwkPgL5,
AdlFI_PACA_2023_prepared.xml,"Aubagne – Abords de l’Huveaune, centre-ville",p1325,subjects,pieux,not_found,,,"aucun prefLabel ou altLabel français actif, exact ou équivalent typographique unique ; XML laissé inchangé"
AdlFI_PACA_2023_prepared.xml,"Aubagne – Abords de l’Huveaune, centre-ville",p1326,chronology,époque moderne,indexed_exact,,https://ark.frantiq.fr/ark:/26678/pcrtPSEEZSBEJp,
AdlFI_PACA_2023_prepared.xml,"Aubagne – Abords de l’Huveaune, centre-ville",p1330,fieldwork_method,opération de diagnostic,indexed_exact,,https://ark.frantiq.fr/ark:/26678/pcrtWWQS75V5Bc,
AdlFI_PACA_2023_prepared.xml,"Aubagne – Abords de l’Huveaune, centre-ville",p1330,fieldwork_method,prospection subaquatique,indexed_exact,,https://ark.frantiq.fr/ark:/26678/pcrt17S8atFoMi,
AdlFI_PACA_2023_prepared.xml,"Aubagne – Traverse de l’église, Saint-Pierre",p1337,subjects,chemin,indexed_exact,,https://ark.frantiq.fr/ark:/26678/pcrthtw9KdIqHy,
AdlFI_PACA_2023_prepared.xml,"Aubagne – Traverse de l’église, Saint-Pierre",p1337,subjects,fosse,indexed_exact,,https://ark.frantiq.fr/ark:/26678/pcrtms2OAv82PY,
AdlFI_PACA_2023_prepared.xml,"Aubagne – Traverse de l’église, Saint-Pierre",p1337,subjects,structure de combustion,indexed_exact,,https://ark.frantiq.fr/ark:/26678/pcrtJUwAaZ7Nz9,
AdlFI_PACA_2023_prepared.xml,"Aubagne – Traverse de l’église, Saint-Pierre",p1337,subjects,four,indexed_exact,,https://ark.frantiq.fr/ark:/26678/pcrtIqEHwJLuq0,
AdlFI_PACA_2023_prepared.xml,"Aubagne – Traverse de l’église, Saint-Pierre",p1337,subjects,canalisation,indexed_exact,,https://ark.frantiq.fr/ark:/26678/pcrtgJvAbEFhK7,
AdlFI_PACA_2023_prepared.xml,"Aubagne – Traverse de l’église, Saint-Pierre",p1338,chronology,Néolithique âge du Bronze,not_found,,,"aucun prefLabel ou altLabel français actif, exact ou équivalent typographique unique ; XML laissé inchangé"
AdlFI_PACA_2023_prepared.xml,"Aubagne – Traverse de l’église, Saint-Pierre",p1338,chronology,Haut-Empire romain,indexed_exact,,https://ark.frantiq.fr/ark:/26678/pcrtH5r3FYBpwe,
AdlFI_PACA_2023_prepared.xml,"Aubagne – Traverse de l’église, Saint-Pierre",p1338,chronology,Antiquité tardive,indexed_exact,,https://ark.frantiq.fr/ark:/26678/pcrtwopiLhK1Ek,
AdlFI_PACA_2023_prepared.xml,"Aubagne – Traverse de l’église, Saint-Pierre",p1338,chronology,époque moderne,indexed_exact,,https://ark.frantiq.fr/ark:/26678/pcrtPSEEZSBEJp,
AdlFI_PACA_2023_prepared.xml,"Aubagne – Traverse de l’église, Saint-Pierre",p1342,fieldwork_method,fouille préventive,indexed_exact,,https://ark.frantiq.fr/ark:/26678/pcrtcJxzOpgs7T,
AdlFI_PACA_2023_prepared.xml,Aubagne – Le Grand Canedel,p1350,subjects,trou de poteau,indexed_exact,,https://ark.frantiq.fr/ark:/26678/pcrtFnKonRZjWY,
AdlFI_PACA_2023_prepared.xml,Aubagne – Le Grand Canedel,p1350,subjects,silo,indexed_exact,,https://ark.frantiq.fr/ark:/26678/pcrtdgALrHBSlv,
AdlFI_PACA_2023_prepared.xml,Aubagne – Le Grand Canedel,p1350,subjects,mur,indexed_exact,,https://ark.frantiq.fr/ark:/26678/pcrtIxHmbVwDYW,
AdlFI_PACA_2023_prepared.xml,Aubagne – Le Grand Canedel,p1350,subjects,structure à pierres chauffées,indexed_exact,,https://ark.frantiq.fr/ark:/26678/pcrtf6v9v8kp6zb5bwxk2pv6,
AdlFI_PACA_2023_prepared.xml,Aubagne – Le Grand Canedel,p1351,chronology,Mésolithique,indexed_exact,,https://ark.frantiq.fr/ark:/26678/pcrtNs85SfBRuH,
AdlFI_PACA_2023_prepared.xml,Aubagne – Le Grand Canedel,p1351,chronology,Néolithique,indexed_exact,,https://ark.frantiq.fr/ark:/26678/pcrtH8P95EucZz,
AdlFI_PACA_2023_prepared.xml,Aubagne – Le Grand Canedel,p1351,chronology,Antiquité romaine,indexed_exact,,https://ark.frantiq.fr/ark:/26678/pcrtZTmusVUU24,
AdlFI_PACA_2023_prepared.xml,Aubagne – Le Grand Canedel,p1355,fieldwork_method,opération de diagnostic,indexed_exact,,https://ark.frantiq.fr/ark:/26678/pcrtWWQS75V5Bc,
AdlFI_PACA_2023_prepared.xml,Auriol – Rue Martinet,p1363,subjects,fleuve,indexed_exact,,https://ark.frantiq.fr/ark:/26678/pcrt7VzGc5ZUum,
AdlFI_PACA_2023_prepared.xml,Auriol – Rue Martinet,p1363,subjects,sédiment,indexed_exact,,https://ark.frantiq.fr/ark:/26678/pcrtjbpmw8qvrn,
AdlFI_PACA_2023_prepared.xml,Auriol – Rue Martinet,p1364,chronology,âge du Fer,indexed_typographic,âge du fer,https://ark.frantiq.fr/ark:/26678/pcrtW9SpIgIk7Q,
AdlFI_PACA_2023_prepared.xml,Auriol – Rue Martinet,p1364,chronology,Antiquité romaine,indexed_exact,,https://ark.frantiq.fr/ark:/26678/pcrtZTmusVUU24,
AdlFI_PACA_2023_prepared.xml,Auriol – Rue Martinet,p1368,fieldwork_method,opération de diagnostic,indexed_exact,,https://ark.frantiq.fr/ark:/26678/pcrtWWQS75V5Bc,
AdlFI_PACA_2023_prepared.xml,Auriol – Les Artauds,p1373,subjects,sédiment,indexed_exact,,https://ark.frantiq.fr/ark:/26678/pcrtjbpmw8qvrn,
AdlFI_PACA_2023_prepared.xml,Auriol – Les Artauds,p1373,subjects,fosse,indexed_exact,,https://ark.frantiq.fr/ark:/26678/pcrtms2OAv82PY,
AdlFI_PACA_2023_prepared.xml,Auriol – Les Artauds,p1374,chronology,Bronze ancien,indexed_exact,,https://ark.frantiq.fr/ark:/26678/pcrtU9wwh3D5FE,
AdlFI_PACA_2023_prepared.xml,Auriol – Les Artauds,p1378,fieldwork_method,opération de diagnostic,indexed_exact,,https://ark.frantiq.fr/ark:/26678/pcrtWWQS75V5Bc,
AdlFI_PACA_2023_prepared.xml,Belcodène – Place de l’Église,p1386,subjects,fosse,indexed_exact,,https://ark.frantiq.fr/ark:/26678/pcrtms2OAv82PY,
AdlFI_PACA_2023_prepared.xml,Belcodène – Place de l’Église,p1386,subjects,drain,indexed_exact,,https://ark.frantiq.fr/ark:/26678/pcrtthlTfnSHQp,
AdlFI_PACA_2023_prepared.xml,Belcodène – Place de l’Église,p1386,subjects,mur,indexed_exact,,https://ark.frantiq.fr/ark:/26678/pcrtIxHmbVwDYW,
AdlFI_PACA_2023_prepared.xml,Belcodène – Place de l’Église,p1387,chronology,Protohistoire,indexed_exact,,https://ark.frantiq.fr/ark:/26678/pcrtHlenwSnkDM,
AdlFI_PACA_2023_prepared.xml,Belcodène – Place de l’Église,p1387,chronology,Antiquité romaine,indexed_exact,,https://ark.frantiq.fr/ark:/26678/pcrtZTmusVUU24,
AdlFI_PACA_2023_prepared.xml,Belcodène – Place de l’Église,p1391,fieldwork_method,opération de diagnostic,indexed_exact,,https://ark.frantiq.fr/ark:/26678/pcrtWWQS75V5Bc,
AdlFI_PACA_2023_prepared.xml,"Coudoux – La Planche, tranche 2",p1405,subjects,nécropole,indexed_exact,,https://ark.frantiq.fr/ark:/26678/pcrtsIm3RuNMGu,
AdlFI_PACA_2023_prepared.xml,"Coudoux – La Planche, tranche 2",p1405,subjects,cimetière chrétien,indexed_exact,,https://ark.frantiq.fr/ark:/26678/pcrtSDmqv2zljj,
AdlFI_PACA_2023_prepared.xml,"Coudoux – La Planche, tranche 2",p1405,subjects,bûcher,not_found,,,"aucun prefLabel ou altLabel français actif, exact ou équivalent typographique unique ; XML laissé inchangé"
AdlFI_PACA_2023_prepared.xml,"Coudoux – La Planche, tranche 2",p1405,subjects,fosse de rejet,indexed_exact,,https://ark.frantiq.fr/ark:/26678/pcrt5k9chxqsrr,
AdlFI_PACA_2023_prepared.xml,"Coudoux – La Planche, tranche 2",p1405,subjects,sépulture à inhumation,indexed_exact,,https://ark.frantiq.fr/ark:/26678/pcrt8p3mfhtf65,
AdlFI_PACA_2023_prepared.xml,"Coudoux – La Planche, tranche 2",p1405,subjects,tegula,indexed_exact,,https://ark.frantiq.fr/ark:/26678/pcrtfJZc0WN1Td,
AdlFI_PACA_2023_prepared.xml,"Coudoux – La Planche, tranche 2",p1406,chronology,Antiquité romaine,indexed_exact,,https://ark.frantiq.fr/ark:/26678/pcrtZTmusVUU24,
AdlFI_PACA_2023_prepared.xml,"Coudoux – La Planche, tranche 2",p1406,chronology,époque médiévale,indexed_exact,,https://ark.frantiq.fr/ark:/26678/pcrtAQyKm9qosx,
AdlFI_PACA_2023_prepared.xml,"Coudoux – La Planche, tranche 2",p1410,fieldwork_method,opération de diagnostic,indexed_exact,,https://ark.frantiq.fr/ark:/26678/pcrtWWQS75V5Bc,
AdlFI_PACA_2023_prepared.xml,Eyguières – Château de Roquemartine et église Saint-Sauveur,p1418,subjects,château,indexed_exact,,https://ark.frantiq.fr/ark:/26678/pcrtRFSvuXH6BD,
AdlFI_PACA_2023_prepared.xml,Eyguières – Château de Roquemartine et église Saint-Sauveur,p1418,subjects,église,indexed_exact,,https://ark.frantiq.fr/ark:/26678/pcrtoV7zLJpAfX,
AdlFI_PACA_2023_prepared.xml,Eyguières – Château de Roquemartine et église Saint-Sauveur,p1419,chronology,bas Moyen Âge,indexed_typographic,bas Moyen Âge,https://ark.frantiq.fr/ark:/26678/pcrtkWqzTusoxz,
AdlFI_PACA_2023_prepared.xml,Eyguières – Château de Roquemartine et église Saint-Sauveur,p1423,fieldwork_method,fouille préventive,indexed_exact,,https://ark.frantiq.fr/ark:/26678/pcrtcJxzOpgs7T,
AdlFI_PACA_2023_prepared.xml,Fos-sur-Mer – 44 avenue Jean-Jaurès,p1435,subjects,chapelle,indexed_exact,,https://ark.frantiq.fr/ark:/26678/pcrtXbnSYWENsu,
AdlFI_PACA_2023_prepared.xml,Fos-sur-Mer – 44 avenue Jean-Jaurès,p1435,subjects,cimetière chrétien,indexed_exact,,https://ark.frantiq.fr/ark:/26678/pcrtSDmqv2zljj,
AdlFI_PACA_2023_prepared.xml,Fos-sur-Mer – 44 avenue Jean-Jaurès,p1435,subjects,sépulture à inhumation,indexed_exact,,https://ark.frantiq.fr/ark:/26678/pcrt8p3mfhtf65,
AdlFI_PACA_2023_prepared.xml,Fos-sur-Mer – 44 avenue Jean-Jaurès,p1436,chronology,époque médiévale,indexed_exact,,https://ark.frantiq.fr/ark:/26678/pcrtAQyKm9qosx,
AdlFI_PACA_2023_prepared.xml,Fos-sur-Mer – 44 avenue Jean-Jaurès,p1440,fieldwork_method,opération de diagnostic,indexed_exact,,https://ark.frantiq.fr/ark:/26678/pcrtWWQS75V5Bc,
AdlFI_PACA_2023_prepared.xml,Istres – Bayanne,p1447,subjects,chemin,indexed_exact,,https://ark.frantiq.fr/ark:/26678/pcrthtw9KdIqHy,
AdlFI_PACA_2023_prepared.xml,Istres – Bayanne,p1447,subjects,fosse,indexed_exact,,https://ark.frantiq.fr/ark:/26678/pcrtms2OAv82PY,
AdlFI_PACA_2023_prepared.xml,Istres – Bayanne,p1447,subjects,fosse de rejet,indexed_exact,,https://ark.frantiq.fr/ark:/26678/pcrt5k9chxqsrr,
AdlFI_PACA_2023_prepared.xml,Istres – Bayanne,p1447,subjects,drain,indexed_exact,,https://ark.frantiq.fr/ark:/26678/pcrtthlTfnSHQp,
AdlFI_PACA_2023_prepared.xml,Istres – Bayanne,p1447,subjects,caniveau,indexed_exact,,https://ark.frantiq.fr/ark:/26678/pcrtqOAKgeSUj4,
AdlFI_PACA_2023_prepared.xml,Istres – Bayanne,p1447,subjects,mur,indexed_exact,,https://ark.frantiq.fr/ark:/26678/pcrtIxHmbVwDYW,
AdlFI_PACA_2023_prepared.xml,Istres – Bayanne,p1448,chronology,Néolithique final,indexed_exact,,https://ark.frantiq.fr/ark:/26678/pcrtkWTHVxnZWN,
AdlFI_PACA_2023_prepared.xml,Istres – Bayanne,p1448,chronology,âge du Fer,indexed_typographic,âge du fer,https://ark.frantiq.fr/ark:/26678/pcrtW9SpIgIk7Q,
AdlFI_PACA_2023_prepared.xml,Istres – Bayanne,p1448,chronology,Antiquité romaine,indexed_exact,,https://ark.frantiq.fr/ark:/26678/pcrtZTmusVUU24,
AdlFI_PACA_2023_prepared.xml,Istres – Bayanne,p1448,chronology,Antiquité tardive,indexed_exact,,https://ark.frantiq.fr/ark:/26678/pcrtwopiLhK1Ek,
AdlFI_PACA_2023_prepared.xml,Istres – Bayanne,p1452,fieldwork_method,opération de diagnostic,indexed_exact,,https://ark.frantiq.fr/ark:/26678/pcrtWWQS75V5Bc,
AdlFI_PACA_2023_prepared.xml,Istres – Rue Saint-Sulpice,p1462,subjects,chapelle,indexed_exact,,https://ark.frantiq.fr/ark:/26678/pcrtXbnSYWENsu,
AdlFI_PACA_2023_prepared.xml,Istres – Rue Saint-Sulpice,p1462,subjects,nécropole,indexed_exact,,https://ark.frantiq.fr/ark:/26678/pcrtsIm3RuNMGu,
AdlFI_PACA_2023_prepared.xml,Istres – Rue Saint-Sulpice,p1462,subjects,sépulture,indexed_exact,,https://ark.frantiq.fr/ark:/26678/pcrt795b632nWw,
AdlFI_PACA_2023_prepared.xml,Istres – Rue Saint-Sulpice,p1462,subjects,drain,indexed_exact,,https://ark.frantiq.fr/ark:/26678/pcrtthlTfnSHQp,
AdlFI_PACA_2023_prepared.xml,Istres – Rue Saint-Sulpice,p1462,subjects,atelier de potier,indexed_exact,,https://ark.frantiq.fr/ark:/26678/pcrtfUZSMbifle,
AdlFI_PACA_2023_prepared.xml,Istres – Rue Saint-Sulpice,p1462,subjects,dépotoir,indexed_exact,,https://ark.frantiq.fr/ark:/26678/pcrteJiI6BxaFN,
AdlFI_PACA_2023_prepared.xml,Istres – Rue Saint-Sulpice,p1462,subjects,céramique moderne,indexed_exact,,https://ark.frantiq.fr/ark:/26678/pcrtxhiROcXtaM,
AdlFI_PACA_2023_prepared.xml,Istres – Rue Saint-Sulpice,p1463,chronology,Moyen Âge classique,indexed_typographic,Moyen Âge classique,https://ark.frantiq.fr/ark:/26678/pcrtAjWBVFSefH,
AdlFI_PACA_2023_prepared.xml,Istres – Rue Saint-Sulpice,p1463,chronology,époque moderne,indexed_exact,,https://ark.frantiq.fr/ark:/26678/pcrtPSEEZSBEJp,
AdlFI_PACA_2023_prepared.xml,Istres – Rue Saint-Sulpice,p1467,fieldwork_method,opération de diagnostic,indexed_exact,,https://ark.frantiq.fr/ark:/26678/pcrtWWQS75V5Bc,
AdlFI_PACA_2023_prepared.xml,Marseille – 120 boulevard de la Corderie,p1480,subjects,corderie,indexed_exact,,https://ark.frantiq.fr/ark:/26678/pcrtBOi4SRNxSG,
AdlFI_PACA_2023_prepared.xml,Marseille – 120 boulevard de la Corderie,p1480,subjects,mur,indexed_exact,,https://ark.frantiq.fr/ark:/26678/pcrtIxHmbVwDYW,
AdlFI_PACA_2023_prepared.xml,Marseille – 120 boulevard de la Corderie,p1481,chronology,Antiquité romaine,indexed_exact,,https://ark.frantiq.fr/ark:/26678/pcrtZTmusVUU24,
AdlFI_PACA_2023_prepared.xml,Marseille – 120 boulevard de la Corderie,p1481,chronology,bas Moyen Âge,indexed_typographic,bas Moyen Âge,https://ark.frantiq.fr/ark:/26678/pcrtkWqzTusoxz,
AdlFI_PACA_2023_prepared.xml,Marseille – 120 boulevard de la Corderie,p1481,chronology,époque moderne,indexed_exact,,https://ark.frantiq.fr/ark:/26678/pcrtPSEEZSBEJp,
AdlFI_PACA_2023_prepared.xml,Marseille – 120 boulevard de la Corderie,p1481,chronology,époque contemporaine,indexed_exact,,https://ark.frantiq.fr/ark:/26678/pcrt59R77d1H15,
AdlFI_PACA_2023_prepared.xml,Marseille – 120 boulevard de la Corderie,p1485,fieldwork_method,opération de diagnostic,indexed_exact,,https://ark.frantiq.fr/ark:/26678/pcrtWWQS75V5Bc,
AdlFI_PACA_2023_prepared.xml,"Marseille – Tour des Catalans, rue des Catalans",p1495,subjects,lazaret,not_found,,,"aucun prefLabel ou altLabel français actif, exact ou équivalent typographique unique ; XML laissé inchangé"
AdlFI_PACA_2023_prepared.xml,"Marseille – Tour des Catalans, rue des Catalans",p1495,subjects,tour,indexed_exact,,https://ark.frantiq.fr/ark:/26678/pcrtslAx38Lp91,
AdlFI_PACA_2023_prepared.xml,"Marseille – Tour des Catalans, rue des Catalans",p1495,subjects,établissement de bains,indexed_exact,,https://ark.frantiq.fr/ark:/26678/pcrttKbi4kQsJN,
AdlFI_PACA_2023_prepared.xml,"Marseille – Tour des Catalans, rue des Catalans",p1496,chronology,époque moderne,indexed_exact,,https://ark.frantiq.fr/ark:/26678/pcrtPSEEZSBEJp,
AdlFI_PACA_2023_prepared.xml,"Marseille – Tour des Catalans, rue des Catalans",p1496,chronology,époque contemporaine,indexed_exact,,https://ark.frantiq.fr/ark:/26678/pcrt59R77d1H15,
AdlFI_PACA_2023_prepared.xml,"Marseille – Tour des Catalans, rue des Catalans",p1500,fieldwork_method,fouille préventive,indexed_exact,,https://ark.frantiq.fr/ark:/26678/pcrtcJxzOpgs7T,
AdlFI_PACA_2023_prepared.xml,"Marseille – Boulevard de la Forbine, castrum de Saint-Michel",p1513,subjects,ville fortifiée,indexed_exact,,https://ark.frantiq.fr/ark:/26678/pcrttNvr7jGBQI,
AdlFI_PACA_2023_prepared.xml,"Marseille – Boulevard de la Forbine, castrum de Saint-Michel",p1513,subjects,château,indexed_exact,,https://ark.frantiq.fr/ark:/26678/pcrtRFSvuXH6BD,
AdlFI_PACA_2023_prepared.xml,"Marseille – Boulevard de la Forbine, castrum de Saint-Michel",p1513,subjects,tour,indexed_exact,,https://ark.frantiq.fr/ark:/26678/pcrtslAx38Lp91,
AdlFI_PACA_2023_prepared.xml,"Marseille – Boulevard de la Forbine, castrum de Saint-Michel",p1514,chronology,Protohistoire,indexed_exact,,https://ark.frantiq.fr/ark:/26678/pcrtHlenwSnkDM,
AdlFI_PACA_2023_prepared.xml,"Marseille – Boulevard de la Forbine, castrum de Saint-Michel",p1514,chronology,Moyen Âge classique,indexed_typographic,Moyen Âge classique,https://ark.frantiq.fr/ark:/26678/pcrtAjWBVFSefH,
AdlFI_PACA_2023_prepared.xml,"Marseille – Boulevard de la Forbine, castrum de Saint-Michel",p1518,fieldwork_method,fouille préventive,indexed_exact,,https://ark.frantiq.fr/ark:/26678/pcrtcJxzOpgs7T,
AdlFI_PACA_2023_prepared.xml,Marseille – 9 montée du Saint-Esprit,p1528,subjects,cave,indexed_exact,,https://ark.frantiq.fr/ark:/26678/pcrtHcRTVDR1pt,
AdlFI_PACA_2023_prepared.xml,Marseille – 9 montée du Saint-Esprit,p1528,subjects,céramique hellénistique,indexed_exact,,https://ark.frantiq.fr/ark:/26678/pcrtVRjbzKxAJy,
AdlFI_PACA_2023_prepared.xml,Marseille – 9 montée du Saint-Esprit,p1529,chronology,époque hellénistique,indexed_exact,,https://ark.frantiq.fr/ark:/26678/pcrtaFkrKZEXbs,
AdlFI_PACA_2023_prepared.xml,Marseille – 9 montée du Saint-Esprit,p1529,chronology,époque médiévale,indexed_exact,,https://ark.frantiq.fr/ark:/26678/pcrtAQyKm9qosx,
AdlFI_PACA_2023_prepared.xml,Marseille – 9 montée du Saint-Esprit,p1529,chronology,époque moderne,indexed_exact,,https://ark.frantiq.fr/ark:/26678/pcrtPSEEZSBEJp,
AdlFI_PACA_2023_prepared.xml,Marseille – 9 montée du Saint-Esprit,p1533,fieldwork_method,opération de diagnostic,indexed_exact,,https://ark.frantiq.fr/ark:/26678/pcrtWWQS75V5Bc,
AdlFI_PACA_2023_prepared.xml,Marseille – 35 boulevard de la Pomme,p1542,subjects,vigne,indexed_exact,,https://ark.frantiq.fr/ark:/26678/pcrtihlJWfvH4v,
AdlFI_PACA_2023_prepared.xml,Marseille – 35 boulevard de la Pomme,p1542,subjects,fosse,indexed_exact,,https://ark.frantiq.fr/ark:/26678/pcrtms2OAv82PY,
AdlFI_PACA_2023_prepared.xml,Marseille – 35 boulevard de la Pomme,p1543,chronology,Néolithique final,indexed_exact,,https://ark.frantiq.fr/ark:/26678/pcrtkWTHVxnZWN,
AdlFI_PACA_2023_prepared.xml,Marseille – 35 boulevard de la Pomme,p1547,fieldwork_method,opération de diagnostic,indexed_exact,,https://ark.frantiq.fr/ark:/26678/pcrtWWQS75V5Bc,
AdlFI_PACA_2023_prepared.xml,Marseille – Baou de Saint-Marcel,p1554,subjects,oppidum,indexed_exact,,https://ark.frantiq.fr/ark:/26678/pcrtroIpDW7j36,
AdlFI_PACA_2023_prepared.xml,Marseille – Baou de Saint-Marcel,p1554,subjects,fosse,indexed_exact,,https://ark.frantiq.fr/ark:/26678/pcrtms2OAv82PY,
AdlFI_PACA_2023_prepared.xml,Marseille – Baou de Saint-Marcel,p1554,subjects,trou de poteau,indexed_exact,,https://ark.frantiq.fr/ark:/26678/pcrtFnKonRZjWY,
AdlFI_PACA_2023_prepared.xml,Marseille – Baou de Saint-Marcel,p1554,subjects,meule,indexed_exact,,https://ark.frantiq.fr/ark:/26678/pcrt1Gqf0UzaZ3,
AdlFI_PACA_2023_prepared.xml,Marseille – Baou de Saint-Marcel,p1554,subjects,dolium,indexed_exact,,https://ark.frantiq.fr/ark:/26678/pcrtrmZTScioB8,
AdlFI_PACA_2023_prepared.xml,Marseille – Baou de Saint-Marcel,p1555,chronology,Antiquité grecque,indexed_exact,,https://ark.frantiq.fr/ark:/26678/pcrtNzYn31IIAZ,
AdlFI_PACA_2023_prepared.xml,Marseille – Baou de Saint-Marcel,p1559,fieldwork_method,prospection thématique,indexed_exact,,https://ark.frantiq.fr/ark:/26678/crtcYIBmBlBPH,
AdlFI_PACA_2023_prepared.xml,Marseille – 101 boulevard des Libérateurs,p1568,subjects,fosse,indexed_exact,,https://ark.frantiq.fr/ark:/26678/pcrtms2OAv82PY,
AdlFI_PACA_2023_prepared.xml,Marseille – 101 boulevard des Libérateurs,p1569,chronology,époque moderne,indexed_exact,,https://ark.frantiq.fr/ark:/26678/pcrtPSEEZSBEJp,
AdlFI_PACA_2023_prepared.xml,Marseille – 101 boulevard des Libérateurs,p1569,chronology,époque contemporaine,indexed_exact,,https://ark.frantiq.fr/ark:/26678/pcrt59R77d1H15,
AdlFI_PACA_2023_prepared.xml,Marseille – 101 boulevard des Libérateurs,p1573,fieldwork_method,opération de diagnostic,indexed_exact,,https://ark.frantiq.fr/ark:/26678/pcrtWWQS75V5Bc,
AdlFI_PACA_2023_prepared.xml,Marseille – Cathédrale de la Vieille Major,p1581,subjects,cathédrale,indexed_exact,,https://ark.frantiq.fr/ark:/26678/pcrtAhnxMt1kMc,
AdlFI_PACA_2023_prepared.xml,Marseille – Cathédrale de la Vieille Major,p1581,subjects,sacristie,indexed_exact,,https://ark.frantiq.fr/ark:/26678/pcrtWWZemZd9gj,
AdlFI_PACA_2023_prepared.xml,Marseille – Cathédrale de la Vieille Major,p1582,chronology,Moyen Âge classique,indexed_typographic,Moyen Âge classique,https://ark.frantiq.fr/ark:/26678/pcrtAjWBVFSefH,
AdlFI_PACA_2023_prepared.xml,Marseille – Cathédrale de la Vieille Major,p1582,chronology,bas Moyen Âge,indexed_typographic,bas Moyen Âge,https://ark.frantiq.fr/ark:/26678/pcrtkWqzTusoxz,
AdlFI_PACA_2023_prepared.xml,Marseille – Cathédrale de la Vieille Major,p1586,fieldwork_method,fouille préventive,indexed_exact,,https://ark.frantiq.fr/ark:/26678/pcrtcJxzOpgs7T,
AdlFI_PACA_2023_prepared.xml,"Marseille – La Capelette, boulevard Lazer",p1598,subjects,nécropole,indexed_exact,,https://ark.frantiq.fr/ark:/26678/pcrtsIm3RuNMGu,
AdlFI_PACA_2023_prepared.xml,"Marseille – La Capelette, boulevard Lazer",p1598,subjects,fosse,indexed_exact,,https://ark.frantiq.fr/ark:/26678/pcrtms2OAv82PY,
AdlFI_PACA_2023_prepared.xml,"Marseille – La Capelette, boulevard Lazer",p1598,subjects,trou de poteau,indexed_exact,,https://ark.frantiq.fr/ark:/26678/pcrtFnKonRZjWY,
AdlFI_PACA_2023_prepared.xml,"Marseille – La Capelette, boulevard Lazer",p1598,subjects,silo,indexed_exact,,https://ark.frantiq.fr/ark:/26678/pcrtdgALrHBSlv,
AdlFI_PACA_2023_prepared.xml,"Marseille – La Capelette, boulevard Lazer",p1598,subjects,sépulture à inhumation,indexed_exact,,https://ark.frantiq.fr/ark:/26678/pcrt8p3mfhtf65,
AdlFI_PACA_2023_prepared.xml,"Marseille – La Capelette, boulevard Lazer",p1598,subjects,parure,indexed_exact,,https://ark.frantiq.fr/ark:/26678/pcrtNBrnOdttU9,
AdlFI_PACA_2023_prepared.xml,"Marseille – La Capelette, boulevard Lazer",p1599,chronology,Bronze récent,indexed_exact,,https://ark.frantiq.fr/ark:/26678/pcrtWZ1Q76vmrn,
AdlFI_PACA_2023_prepared.xml,"Marseille – La Capelette, boulevard Lazer",p1599,chronology,Bronze final,indexed_exact,,https://ark.frantiq.fr/ark:/26678/pcrtQGLpWkh9Gt,
AdlFI_PACA_2023_prepared.xml,"Marseille – La Capelette, boulevard Lazer",p1599,chronology,Empire romain,indexed_exact,,https://ark.frantiq.fr/ark:/26678/pcrtIkSWVMVuqB,
AdlFI_PACA_2023_prepared.xml,"Marseille – La Capelette, boulevard Lazer",p1599,chronology,haut Moyen Âge,indexed_typographic,haut Moyen Âge,https://ark.frantiq.fr/ark:/26678/pcrtOA7J729U5c,
AdlFI_PACA_2023_prepared.xml,"Marseille – La Capelette, boulevard Lazer",p1603,fieldwork_method,fouille préventive,indexed_exact,,https://ark.frantiq.fr/ark:/26678/pcrtcJxzOpgs7T,
AdlFI_PACA_2023_prepared.xml,"Marseille – Parc Bougainville, phase 2",p1616,subjects,édifice,indexed_exact,,https://ark.frantiq.fr/ark:/26678/pcrtDlzbGxWvTo,
AdlFI_PACA_2023_prepared.xml,"Marseille – Parc Bougainville, phase 2",p1616,subjects,savonnerie,not_found,,,"aucun prefLabel ou altLabel français actif, exact ou équivalent typographique unique ; XML laissé inchangé"
AdlFI_PACA_2023_prepared.xml,"Marseille – Parc Bougainville, phase 2",p1617,chronology,bas Moyen Âge,indexed_typographic,bas Moyen Âge,https://ark.frantiq.fr/ark:/26678/pcrtkWqzTusoxz,
AdlFI_PACA_2023_prepared.xml,"Marseille – Parc Bougainville, phase 2",p1617,chronology,époque moderne,indexed_exact,,https://ark.frantiq.fr/ark:/26678/pcrtPSEEZSBEJp,
AdlFI_PACA_2023_prepared.xml,"Marseille – Parc Bougainville, phase 2",p1617,chronology,époque contemporaine,indexed_exact,,https://ark.frantiq.fr/ark:/26678/pcrt59R77d1H15,
AdlFI_PACA_2023_prepared.xml,"Marseille – Parc Bougainville, phase 2",p1621,fieldwork_method,opération de diagnostic,indexed_exact,,https://ark.frantiq.fr/ark:/26678/pcrtWWQS75V5Bc,
AdlFI_PACA_2023_prepared.xml,Marseille – 21 boulevard du Capitaine Gèze,p1634,subjects,chapelle funéraire,indexed_exact,,https://ark.frantiq.fr/ark:/26678/pcrtwES4VsiSh3,
AdlFI_PACA_2023_prepared.xml,Marseille – 21 boulevard du Capitaine Gèze,p1634,subjects,huilerie,indexed_exact,,https://ark.frantiq.fr/ark:/26678/pcrtpJbqFUYwZI,
AdlFI_PACA_2023_prepared.xml,Marseille – 21 boulevard du Capitaine Gèze,p1634,subjects,moulin à eau,indexed_exact,,https://ark.frantiq.fr/ark:/26678/pcrt6oKbFdZxqF,
AdlFI_PACA_2023_prepared.xml,Marseille – 21 boulevard du Capitaine Gèze,p1634,subjects,meule,indexed_exact,,https://ark.frantiq.fr/ark:/26678/pcrt1Gqf0UzaZ3,
AdlFI_PACA_2023_prepared.xml,Marseille – 21 boulevard du Capitaine Gèze,p1634,subjects,sépulture à inhumation,indexed_exact,,https://ark.frantiq.fr/ark:/26678/pcrt8p3mfhtf65,
AdlFI_PACA_2023_prepared.xml,Marseille – 21 boulevard du Capitaine Gèze,p1634,subjects,fosse commune,indexed_exact,,https://ark.frantiq.fr/ark:/26678/pcrtk870qmv2g8,
AdlFI_PACA_2023_prepared.xml,Marseille – 21 boulevard du Capitaine Gèze,p1635,chronology,époque moderne,indexed_exact,,https://ark.frantiq.fr/ark:/26678/pcrtPSEEZSBEJp,
AdlFI_PACA_2023_prepared.xml,Marseille – 21 boulevard du Capitaine Gèze,p1635,chronology,époque contemporaine,indexed_exact,,https://ark.frantiq.fr/ark:/26678/pcrt59R77d1H15,
AdlFI_PACA_2023_prepared.xml,Marseille – 21 boulevard du Capitaine Gèze,p1639,fieldwork_method,fouille préventive,indexed_exact,,https://ark.frantiq.fr/ark:/26678/pcrtcJxzOpgs7T,
AdlFI_PACA_2023_prepared.xml,Marseille – 50 chemin de la Madrague-Ville,p1650,subjects,vigne,indexed_exact,,https://ark.frantiq.fr/ark:/26678/pcrtihlJWfvH4v,
AdlFI_PACA_2023_prepared.xml,Marseille – 50 chemin de la Madrague-Ville,p1650,subjects,fosse de plantation,indexed_exact,,https://ark.frantiq.fr/ark:/26678/pcrtKl3VI9w0s6,
AdlFI_PACA_2023_prepared.xml,Marseille – 50 chemin de la Madrague-Ville,p1650,subjects,trou de poteau,indexed_exact,,https://ark.frantiq.fr/ark:/26678/pcrtFnKonRZjWY,
AdlFI_PACA_2023_prepared.xml,Marseille – 50 chemin de la Madrague-Ville,p1651,chronology,époque hellénistique,indexed_exact,,https://ark.frantiq.fr/ark:/26678/pcrtaFkrKZEXbs,
AdlFI_PACA_2023_prepared.xml,Marseille – 50 chemin de la Madrague-Ville,p1651,chronology,époque contemporaine,indexed_exact,,https://ark.frantiq.fr/ark:/26678/pcrt59R77d1H15,
AdlFI_PACA_2023_prepared.xml,Marseille – 50 chemin de la Madrague-Ville,p1655,fieldwork_method,fouille préventive,indexed_exact,,https://ark.frantiq.fr/ark:/26678/pcrtcJxzOpgs7T,
AdlFI_PACA_2023_prepared.xml,"Marseille – Secteur Vintimille-Cazemajou, tranche 1",p1666,subjects,vigne,indexed_exact,,https://ark.frantiq.fr/ark:/26678/pcrtihlJWfvH4v,
AdlFI_PACA_2023_prepared.xml,"Marseille – Secteur Vintimille-Cazemajou, tranche 1",p1666,subjects,fosse de plantation,indexed_exact,,https://ark.frantiq.fr/ark:/26678/pcrtKl3VI9w0s6,
AdlFI_PACA_2023_prepared.xml,"Marseille – Secteur Vintimille-Cazemajou, tranche 1",p1666,subjects,trou de poteau,indexed_exact,,https://ark.frantiq.fr/ark:/26678/pcrtFnKonRZjWY,
AdlFI_PACA_2023_prepared.xml,"Marseille – Secteur Vintimille-Cazemajou, tranche 1",p1666,subjects,silo,indexed_exact,,https://ark.frantiq.fr/ark:/26678/pcrtdgALrHBSlv,
AdlFI_PACA_2023_prepared.xml,"Marseille – Secteur Vintimille-Cazemajou, tranche 1",p1666,subjects,mur,indexed_exact,,https://ark.frantiq.fr/ark:/26678/pcrtIxHmbVwDYW,
AdlFI_PACA_2023_prepared.xml,"Marseille – Secteur Vintimille-Cazemajou, tranche 1",p1666,subjects,cuve (structure),indexed_exact,,https://ark.frantiq.fr/ark:/26678/pcrtJkLW2h0FJh,
AdlFI_PACA_2023_prepared.xml,"Marseille – Secteur Vintimille-Cazemajou, tranche 1",p1667,chronology,époque hellénistique,indexed_exact,,https://ark.frantiq.fr/ark:/26678/pcrtaFkrKZEXbs,
AdlFI_PACA_2023_prepared.xml,"Marseille – Secteur Vintimille-Cazemajou, tranche 1",p1667,chronology,Antiquité romaine,indexed_exact,,https://ark.frantiq.fr/ark:/26678/pcrtZTmusVUU24,
AdlFI_PACA_2023_prepared.xml,"Marseille – Secteur Vintimille-Cazemajou, tranche 1",p1667,chronology,époque moderne,indexed_exact,,https://ark.frantiq.fr/ark:/26678/pcrtPSEEZSBEJp,
AdlFI_PACA_2023_prepared.xml,"Marseille – Secteur Vintimille-Cazemajou, tranche 1",p1667,chronology,époque contemporaine,indexed_exact,,https://ark.frantiq.fr/ark:/26678/pcrt59R77d1H15,
AdlFI_PACA_2023_prepared.xml,"Marseille – Secteur Vintimille-Cazemajou, tranche 1",p1671,fieldwork_method,opération de diagnostic,indexed_exact,,https://ark.frantiq.fr/ark:/26678/pcrtWWQS75V5Bc,
AdlFI_PACA_2023_prepared.xml,"Marseille – Abords des stations Vieux Port et Jules Guesde, place Gabriel-Péri",p1681,subjects,port,indexed_exact,,https://ark.frantiq.fr/ark:/26678/pcrtVemT6o6YVG,
AdlFI_PACA_2023_prepared.xml,"Marseille – Abords des stations Vieux Port et Jules Guesde, place Gabriel-Péri",p1681,subjects,quai,indexed_exact,,https://ark.frantiq.fr/ark:/26678/pcrtrMs1qgrvxu,
AdlFI_PACA_2023_prepared.xml,"Marseille – Abords des stations Vieux Port et Jules Guesde, place Gabriel-Péri",p1681,subjects,ancre,indexed_exact,,https://ark.frantiq.fr/ark:/26678/pcrt7ZUb0jZYg8,
AdlFI_PACA_2023_prepared.xml,"Marseille – Abords des stations Vieux Port et Jules Guesde, place Gabriel-Péri",p1681,subjects,fosse-dépotoir,indexed_exact,,https://ark.frantiq.fr/ark:/26678/pcrtp5Wcpmp9I3,
AdlFI_PACA_2023_prepared.xml,"Marseille – Abords des stations Vieux Port et Jules Guesde, place Gabriel-Péri",p1682,chronology,époque classique,indexed_altlabel,époque classique grecque,https://ark.frantiq.fr/ark:/26678/pcrtsjGGaTgSBv,enrichissement effectué depuis un skos:altLabel français
AdlFI_PACA_2023_prepared.xml,"Marseille – Abords des stations Vieux Port et Jules Guesde, place Gabriel-Péri",p1682,chronology,époque hellénistique,indexed_exact,,https://ark.frantiq.fr/ark:/26678/pcrtaFkrKZEXbs,
AdlFI_PACA_2023_prepared.xml,"Marseille – Abords des stations Vieux Port et Jules Guesde, place Gabriel-Péri",p1682,chronology,Antiquité tardive,indexed_exact,,https://ark.frantiq.fr/ark:/26678/pcrtwopiLhK1Ek,
AdlFI_PACA_2023_prepared.xml,"Marseille – Abords des stations Vieux Port et Jules Guesde, place Gabriel-Péri",p1682,chronology,époque moderne,indexed_exact,,https://ark.frantiq.fr/ark:/26678/pcrtPSEEZSBEJp,
AdlFI_PACA_2023_prepared.xml,"Marseille – Abords des stations Vieux Port et Jules Guesde, place Gabriel-Péri",p1686,fieldwork_method,opération de diagnostic,indexed_exact,,https://ark.frantiq.fr/ark:/26678/pcrtWWQS75V5Bc,
AdlFI_PACA_2023_prepared.xml,Maussane-les-Alpilles – Roquerousse et Capelette,p1695,subjects,villa,not_found,,,"aucun prefLabel ou altLabel français actif, exact ou équivalent typographique unique ; XML laissé inchangé"
AdlFI_PACA_2023_prepared.xml,Maussane-les-Alpilles – Roquerousse et Capelette,p1695,subjects,enduit peint,indexed_exact,,https://ark.frantiq.fr/ark:/26678/pcrtFidgusMwk8,
AdlFI_PACA_2023_prepared.xml,Maussane-les-Alpilles – Roquerousse et Capelette,p1695,subjects,fosse,indexed_exact,,https://ark.frantiq.fr/ark:/26678/pcrtms2OAv82PY,
AdlFI_PACA_2023_prepared.xml,Maussane-les-Alpilles – Roquerousse et Capelette,p1696,chronology,Empire romain,indexed_exact,,https://ark.frantiq.fr/ark:/26678/pcrtIkSWVMVuqB,
AdlFI_PACA_2023_prepared.xml,Maussane-les-Alpilles – Roquerousse et Capelette,p1696,chronology,Antiquité tardive,indexed_exact,,https://ark.frantiq.fr/ark:/26678/pcrtwopiLhK1Ek,
AdlFI_PACA_2023_prepared.xml,Maussane-les-Alpilles – Roquerousse et Capelette,p1700,fieldwork_method,opération de diagnostic,indexed_exact,,https://ark.frantiq.fr/ark:/26678/pcrtWWQS75V5Bc,
AdlFI_PACA_2023_prepared.xml,Mouriès – Les Caisses de Jean-Jean,p1713,subjects,oppidum,indexed_exact,,https://ark.frantiq.fr/ark:/26678/pcrtroIpDW7j36,
AdlFI_PACA_2023_prepared.xml,Mouriès – Les Caisses de Jean-Jean,p1713,subjects,trou de poteau,indexed_exact,,https://ark.frantiq.fr/ark:/26678/pcrtFnKonRZjWY,
AdlFI_PACA_2023_prepared.xml,Mouriès – Les Caisses de Jean-Jean,p1713,subjects,dépotoir,indexed_exact,,https://ark.frantiq.fr/ark:/26678/pcrteJiI6BxaFN,
AdlFI_PACA_2023_prepared.xml,Mouriès – Les Caisses de Jean-Jean,p1713,subjects,mur,indexed_exact,,https://ark.frantiq.fr/ark:/26678/pcrtIxHmbVwDYW,
AdlFI_PACA_2023_prepared.xml,Mouriès – Les Caisses de Jean-Jean,p1713,subjects,structure de combustion,indexed_exact,,https://ark.frantiq.fr/ark:/26678/pcrtJUwAaZ7Nz9,
AdlFI_PACA_2023_prepared.xml,Mouriès – Les Caisses de Jean-Jean,p1714,chronology,époque classique,indexed_altlabel,époque classique grecque,https://ark.frantiq.fr/ark:/26678/pcrtsjGGaTgSBv,enrichissement effectué depuis un skos:altLabel français
AdlFI_PACA_2023_prepared.xml,Mouriès – Les Caisses de Jean-Jean,p1714,chronology,époque hellénistique,indexed_exact,,https://ark.frantiq.fr/ark:/26678/pcrtaFkrKZEXbs,
AdlFI_PACA_2023_prepared.xml,Mouriès – Les Caisses de Jean-Jean,p1714,chronology,Antiquité romaine,indexed_exact,,https://ark.frantiq.fr/ark:/26678/pcrtZTmusVUU24,
AdlFI_PACA_2023_prepared.xml,Mouriès – Les Caisses de Jean-Jean,p1717,fieldwork_method,fouille programmée,indexed_exact,,https://ark.frantiq.fr/ark:/26678/crtSrWQs2w2KV,
AdlFI_PACA_2023_prepared.xml,Mouriès – L’Escargotière (dépôt de Mouriès),p1726,subjects,oppidum,indexed_exact,,https://ark.frantiq.fr/ark:/26678/pcrtroIpDW7j36,
AdlFI_PACA_2023_prepared.xml,Mouriès – L’Escargotière (dépôt de Mouriès),p1726,subjects,monnaie,indexed_exact,,https://ark.frantiq.fr/ark:/26678/pcrtaDZQlTT0S8,
AdlFI_PACA_2023_prepared.xml,Mouriès – L’Escargotière (dépôt de Mouriès),p1726,subjects,amphore,indexed_exact,,https://ark.frantiq.fr/ark:/26678/pcrtVFfTq3JlGu,
AdlFI_PACA_2023_prepared.xml,Mouriès – L’Escargotière (dépôt de Mouriès),p1727,chronology,second âge du Fer,indexed_typographic,second âge du fer,https://ark.frantiq.fr/ark:/26678/pcrtxVmyWBbIQq,
AdlFI_PACA_2023_prepared.xml,Mouriès – L’Escargotière (dépôt de Mouriès),p1727,chronology,Haut-Empire romain,indexed_exact,,https://ark.frantiq.fr/ark:/26678/pcrtH5r3FYBpwe,
AdlFI_PACA_2023_prepared.xml,Mouriès – L’Escargotière (dépôt de Mouriès),p1730,fieldwork_method,projet collectif de recherche,indexed_exact,,https://ark.frantiq.fr/ark:/26678/crtqI2kNablQH,
AdlFI_PACA_2023_prepared.xml,"Peyrolles-en-Provence – Les Rivaux, 123 route du Plan",p1737,subjects,villa,not_found,,,"aucun prefLabel ou altLabel français actif, exact ou équivalent typographique unique ; XML laissé inchangé"
AdlFI_PACA_2023_prepared.xml,"Peyrolles-en-Provence – Les Rivaux, 123 route du Plan",p1737,subjects,fosse de plantation,indexed_exact,,https://ark.frantiq.fr/ark:/26678/pcrtKl3VI9w0s6,
AdlFI_PACA_2023_prepared.xml,"Peyrolles-en-Provence – Les Rivaux, 123 route du Plan",p1737,subjects,structure à pierres chauffées,indexed_exact,,https://ark.frantiq.fr/ark:/26678/pcrtf6v9v8kp6zb5bwxk2pv6,
AdlFI_PACA_2023_prepared.xml,"Peyrolles-en-Provence – Les Rivaux, 123 route du Plan",p1737,subjects,four,indexed_exact,,https://ark.frantiq.fr/ark:/26678/pcrtIqEHwJLuq0,
AdlFI_PACA_2023_prepared.xml,"Peyrolles-en-Provence – Les Rivaux, 123 route du Plan",p1737,subjects,industrie lithique,indexed_exact,,https://ark.frantiq.fr/ark:/26678/pcrtbfqVEeganP,
AdlFI_PACA_2023_prepared.xml,"Peyrolles-en-Provence – Les Rivaux, 123 route du Plan",p1738,chronology,Préhistoire,indexed_exact,,https://ark.frantiq.fr/ark:/26678/pcrtwpx5MU2hlw,
AdlFI_PACA_2023_prepared.xml,"Peyrolles-en-Provence – Les Rivaux, 123 route du Plan",p1738,chronology,Protohistoire,indexed_exact,,https://ark.frantiq.fr/ark:/26678/pcrtHlenwSnkDM,
AdlFI_PACA_2023_prepared.xml,"Peyrolles-en-Provence – Les Rivaux, 123 route du Plan",p1738,chronology,Haut-Empire romain,indexed_exact,,https://ark.frantiq.fr/ark:/26678/pcrtH5r3FYBpwe,
AdlFI_PACA_2023_prepared.xml,"Peyrolles-en-Provence – Les Rivaux, 123 route du Plan",p1742,fieldwork_method,opération de diagnostic,indexed_exact,,https://ark.frantiq.fr/ark:/26678/pcrtWWQS75V5Bc,
AdlFI_PACA_2023_prepared.xml,Rognes – 157 chemin de Versaille,p1754,subjects,mur,indexed_exact,,https://ark.frantiq.fr/ark:/26678/pcrtIxHmbVwDYW,
AdlFI_PACA_2023_prepared.xml,Rognes – 157 chemin de Versaille,p1758,fieldwork_method,opération de diagnostic,indexed_exact,,https://ark.frantiq.fr/ark:/26678/pcrtWWQS75V5Bc,
AdlFI_PACA_2023_prepared.xml,Saint-Rémy-de-Provence – Le château,p1764,subjects,fossé,not_found,,,"aucun prefLabel ou altLabel français actif, exact ou équivalent typographique unique ; XML laissé inchangé"
AdlFI_PACA_2023_prepared.xml,Saint-Rémy-de-Provence – Le château,p1764,subjects,fosse de plantation,indexed_exact,,https://ark.frantiq.fr/ark:/26678/pcrtKl3VI9w0s6,
AdlFI_PACA_2023_prepared.xml,Saint-Rémy-de-Provence – Le château,p1764,subjects,silo,indexed_exact,,https://ark.frantiq.fr/ark:/26678/pcrtdgALrHBSlv,
AdlFI_PACA_2023_prepared.xml,Saint-Rémy-de-Provence – Le château,p1764,subjects,canalisation,indexed_exact,,https://ark.frantiq.fr/ark:/26678/pcrtgJvAbEFhK7,
AdlFI_PACA_2023_prepared.xml,Saint-Rémy-de-Provence – Le château,p1764,subjects,puits à eau,indexed_exact,,https://ark.frantiq.fr/ark:/26678/pcrtiS8Ollckzn,
AdlFI_PACA_2023_prepared.xml,Saint-Rémy-de-Provence – Le château,p1764,subjects,sépulture,indexed_exact,,https://ark.frantiq.fr/ark:/26678/pcrt795b632nWw,
AdlFI_PACA_2023_prepared.xml,Saint-Rémy-de-Provence – Le château,p1764,subjects,os animal,indexed_exact,,https://ark.frantiq.fr/ark:/26678/pcrtxaAvFeoE3Z,
AdlFI_PACA_2023_prepared.xml,Saint-Rémy-de-Provence – Le château,p1765,chronology,Néolithique final,indexed_exact,,https://ark.frantiq.fr/ark:/26678/pcrtkWTHVxnZWN,
AdlFI_PACA_2023_prepared.xml,Saint-Rémy-de-Provence – Le château,p1765,chronology,Antiquité romaine,indexed_exact,,https://ark.frantiq.fr/ark:/26678/pcrtZTmusVUU24,
AdlFI_PACA_2023_prepared.xml,Saint-Rémy-de-Provence – Le château,p1765,chronology,haut Moyen Âge,indexed_typographic,haut Moyen Âge,https://ark.frantiq.fr/ark:/26678/pcrtOA7J729U5c,
AdlFI_PACA_2023_prepared.xml,Saint-Rémy-de-Provence – Le château,p1769,fieldwork_method,fouille préventive,indexed_exact,,https://ark.frantiq.fr/ark:/26678/pcrtcJxzOpgs7T,
AdlFI_PACA_2023_prepared.xml,"Saint-Rémy-de-Provence – Glanum, Atlas 3D",p1778,subjects,temple,indexed_exact,,https://ark.frantiq.fr/ark:/26678/pcrtYhYMiLwDUr,
AdlFI_PACA_2023_prepared.xml,"Saint-Rémy-de-Provence – Glanum, Atlas 3D",p1778,subjects,ornement architectural,indexed_exact,,https://ark.frantiq.fr/ark:/26678/pcrt4ngk6ng53t,
AdlFI_PACA_2023_prepared.xml,"Saint-Rémy-de-Provence – Glanum, Atlas 3D",p1778,subjects,reconstitution 3D,indexed_exact,,https://ark.frantiq.fr/ark:/26678/pcrtDAw0TPtrkN,
AdlFI_PACA_2023_prepared.xml,"Saint-Rémy-de-Provence – Glanum, Atlas 3D",p1779,chronology,époque augustéenne,indexed_exact,,https://ark.frantiq.fr/ark:/26678/pcrtglKdV7BFE7,
AdlFI_PACA_2023_prepared.xml,"Saint-Rémy-de-Provence – Glanum, Atlas 3D",p1783,fieldwork_method,prospection thématique,indexed_exact,,https://ark.frantiq.fr/ark:/26678/crtcYIBmBlBPH,
AdlFI_PACA_2023_prepared.xml,"Saint-Rémy-de-Provence – Glanum, Salle d’assemblée (bouleutérion)",p1795,subjects,bouleutérion,indexed_exact,,https://ark.frantiq.fr/ark:/26678/pcrtnb14F2DHGS,
AdlFI_PACA_2023_prepared.xml,"Saint-Rémy-de-Provence – Glanum, Salle d’assemblée (bouleutérion)",p1795,subjects,basilica,indexed_exact,,https://ark.frantiq.fr/ark:/26678/pcrtQluMbIyppo,
AdlFI_PACA_2023_prepared.xml,"Saint-Rémy-de-Provence – Glanum, Salle d’assemblée (bouleutérion)",p1795,subjects,taille,indexed_exact,,https://ark.frantiq.fr/ark:/26678/pcrt5RnB4V844h,
AdlFI_PACA_2023_prepared.xml,"Saint-Rémy-de-Provence – Glanum, Salle d’assemblée (bouleutérion)",p1796,chronology,Antiquité romaine,indexed_exact,,https://ark.frantiq.fr/ark:/26678/pcrtZTmusVUU24,
AdlFI_PACA_2023_prepared.xml,"Saint-Rémy-de-Provence – Glanum, Salle d’assemblée (bouleutérion)",p1800,fieldwork_method,prospection thématique,indexed_exact,,https://ark.frantiq.fr/ark:/26678/crtcYIBmBlBPH,
AdlFI_PACA_2023_prepared.xml,Salon-de-Provence – 157 chemin des Broquetiers,p1811,subjects,dépotoir,indexed_exact,,https://ark.frantiq.fr/ark:/26678/pcrteJiI6BxaFN,
AdlFI_PACA_2023_prepared.xml,Salon-de-Provence – 157 chemin des Broquetiers,p1812,chronology,époque moderne,indexed_exact,,https://ark.frantiq.fr/ark:/26678/pcrtPSEEZSBEJp,
AdlFI_PACA_2023_prepared.xml,Salon-de-Provence – 157 chemin des Broquetiers,p1812,chronology,époque contemporaine,indexed_exact,,https://ark.frantiq.fr/ark:/26678/pcrt59R77d1H15,
AdlFI_PACA_2023_prepared.xml,Salon-de-Provence – 157 chemin des Broquetiers,p1816,fieldwork_method,opération de diagnostic,indexed_exact,,https://ark.frantiq.fr/ark:/26678/pcrtWWQS75V5Bc,
AdlFI_PACA_2023_prepared.xml,Ventabren – L’Héritière,p1821,subjects,villa,not_found,,,"aucun prefLabel ou altLabel français actif, exact ou équivalent typographique unique ; XML laissé inchangé"
AdlFI_PACA_2023_prepared.xml,Ventabren – L’Héritière,p1821,subjects,pars rustica,indexed_exact,,https://ark.frantiq.fr/ark:/26678/pcrt2LElcBx6JB,
AdlFI_PACA_2023_prepared.xml,Ventabren – L’Héritière,p1821,subjects,vigne,indexed_exact,,https://ark.frantiq.fr/ark:/26678/pcrtihlJWfvH4v,
AdlFI_PACA_2023_prepared.xml,Ventabren – L’Héritière,p1821,subjects,fosse,indexed_exact,,https://ark.frantiq.fr/ark:/26678/pcrtms2OAv82PY,
AdlFI_PACA_2023_prepared.xml,Ventabren – L’Héritière,p1822,chronology,Haut-Empire romain,indexed_exact,,https://ark.frantiq.fr/ark:/26678/pcrtH5r3FYBpwe,
AdlFI_PACA_2023_prepared.xml,Ventabren – L’Héritière,p1826,fieldwork_method,opération de diagnostic,indexed_exact,,https://ark.frantiq.fr/ark:/26678/pcrtWWQS75V5Bc,
AdlFI_PACA_2023_prepared.xml,Aiguines – Grottes de Galetas,p1833,subjects,abri sous roche,indexed_exact,,https://ark.frantiq.fr/ark:/26678/pcrtkeLpJpVN4t,
AdlFI_PACA_2023_prepared.xml,Aiguines – Grottes de Galetas,p1833,subjects,grotte,indexed_exact,,https://ark.frantiq.fr/ark:/26678/pcrtxKnfzXYMxK,
AdlFI_PACA_2023_prepared.xml,Aiguines – Grottes de Galetas,p1833,subjects,mur,indexed_exact,,https://ark.frantiq.fr/ark:/26678/pcrtIxHmbVwDYW,
AdlFI_PACA_2023_prepared.xml,Aiguines – Grottes de Galetas,p1834,chronology,Antiquité tardive,indexed_exact,,https://ark.frantiq.fr/ark:/26678/pcrtwopiLhK1Ek,
AdlFI_PACA_2023_prepared.xml,Aiguines – Grottes de Galetas,p1838,fieldwork_method,fouille programmée,indexed_exact,,https://ark.frantiq.fr/ark:/26678/crtSrWQs2w2KV,
AdlFI_PACA_2023_prepared.xml,"Le Beausset, Le Castellet, Évenos, Ollioules et Sanary-sur-Mer – Les Monts toulonnais, massif du Gros-Cerveau",p1849,subjects,atelier de taille,indexed_exact,,https://ark.frantiq.fr/ark:/26678/pcrt9WrayiIQys,
AdlFI_PACA_2023_prepared.xml,"Le Beausset, Le Castellet, Évenos, Ollioules et Sanary-sur-Mer – Les Monts toulonnais, massif du Gros-Cerveau",p1849,subjects,charbonnière,indexed_exact,,https://ark.frantiq.fr/ark:/26678/pcrtS7x7vmVqmp,
AdlFI_PACA_2023_prepared.xml,"Le Beausset, Le Castellet, Évenos, Ollioules et Sanary-sur-Mer – Les Monts toulonnais, massif du Gros-Cerveau",p1849,subjects,cabane,indexed_exact,,https://ark.frantiq.fr/ark:/26678/pcrtqsNPWjGG9u,
AdlFI_PACA_2023_prepared.xml,"Le Beausset, Le Castellet, Évenos, Ollioules et Sanary-sur-Mer – Les Monts toulonnais, massif du Gros-Cerveau",p1849,subjects,four à chaux,indexed_exact,,https://ark.frantiq.fr/ark:/26678/pcrteATef2dHLg,
AdlFI_PACA_2023_prepared.xml,"Le Beausset, Le Castellet, Évenos, Ollioules et Sanary-sur-Mer – Les Monts toulonnais, massif du Gros-Cerveau",p1849,subjects,industrie lithique,indexed_exact,,https://ark.frantiq.fr/ark:/26678/pcrtbfqVEeganP,
AdlFI_PACA_2023_prepared.xml,"Le Beausset, Le Castellet, Évenos, Ollioules et Sanary-sur-Mer – Les Monts toulonnais, massif du Gros-Cerveau",p1849,subjects,meule va-et-vient,indexed_exact,,https://ark.frantiq.fr/ark:/26678/pcrta0f7Y5PDOZ,
AdlFI_PACA_2023_prepared.xml,"Le Beausset, Le Castellet, Évenos, Ollioules et Sanary-sur-Mer – Les Monts toulonnais, massif du Gros-Cerveau",p1849,subjects,céramique gallo-romaine,indexed_exact,,https://ark.frantiq.fr/ark:/26678/pcrtRSkVB0xGL9,
AdlFI_PACA_2023_prepared.xml,"Le Beausset, Le Castellet, Évenos, Ollioules et Sanary-sur-Mer – Les Monts toulonnais, massif du Gros-Cerveau",p1850,chronology,Néolithique,indexed_exact,,https://ark.frantiq.fr/ark:/26678/pcrtH8P95EucZz,
AdlFI_PACA_2023_prepared.xml,"Le Beausset, Le Castellet, Évenos, Ollioules et Sanary-sur-Mer – Les Monts toulonnais, massif du Gros-Cerveau",p1850,chronology,âge du Fer,indexed_typographic,âge du fer,https://ark.frantiq.fr/ark:/26678/pcrtW9SpIgIk7Q,
AdlFI_PACA_2023_prepared.xml,"Le Beausset, Le Castellet, Évenos, Ollioules et Sanary-sur-Mer – Les Monts toulonnais, massif du Gros-Cerveau",p1850,chronology,Antiquité romaine,indexed_exact,,https://ark.frantiq.fr/ark:/26678/pcrtZTmusVUU24,
AdlFI_PACA_2023_prepared.xml,"Le Beausset, Le Castellet, Évenos, Ollioules et Sanary-sur-Mer – Les Monts toulonnais, massif du Gros-Cerveau",p1850,chronology,époque moderne,indexed_exact,,https://ark.frantiq.fr/ark:/26678/pcrtPSEEZSBEJp,
AdlFI_PACA_2023_prepared.xml,"Le Beausset, Le Castellet, Évenos, Ollioules et Sanary-sur-Mer – Les Monts toulonnais, massif du Gros-Cerveau",p1850,chronology,époque contemporaine,indexed_exact,,https://ark.frantiq.fr/ark:/26678/pcrt59R77d1H15,
AdlFI_PACA_2023_prepared.xml,"Le Beausset, Le Castellet, Évenos, Ollioules et Sanary-sur-Mer – Les Monts toulonnais, massif du Gros-Cerveau",p1853,fieldwork_method,prospection inventaire,indexed_exact,,https://ark.frantiq.fr/ark:/26678/crtBhWSZf1tw8,
AdlFI_PACA_2023_prepared.xml,Brignoles – 2-4 rue des Lanciers,p1869,subjects,îlot urbain,indexed_exact,,https://ark.frantiq.fr/ark:/26678/pcrtSmefwuwa97,
AdlFI_PACA_2023_prepared.xml,Brignoles – 2-4 rue des Lanciers,p1869,subjects,maison,indexed_exact,,https://ark.frantiq.fr/ark:/26678/pcrtaGBUR5Ekx1,
AdlFI_PACA_2023_prepared.xml,Brignoles – 2-4 rue des Lanciers,p1870,chronology,Moyen Âge classique,indexed_typographic,Moyen Âge classique,https://ark.frantiq.fr/ark:/26678/pcrtAjWBVFSefH,
AdlFI_PACA_2023_prepared.xml,Brignoles – 2-4 rue des Lanciers,p1870,chronology,époque moderne,indexed_exact,,https://ark.frantiq.fr/ark:/26678/pcrtPSEEZSBEJp,
AdlFI_PACA_2023_prepared.xml,Brignoles – 2-4 rue des Lanciers,p1874,fieldwork_method,opération de diagnostic,indexed_exact,,https://ark.frantiq.fr/ark:/26678/pcrtWWQS75V5Bc,
AdlFI_PACA_2023_prepared.xml,Brignoles – 2-4 rue des Lanciers,p1874,fieldwork_method,archéologie du bâti,indexed_exact,,https://ark.frantiq.fr/ark:/26678/pcrtaodMT8j83O,
AdlFI_PACA_2023_prepared.xml,Comps-sur-Artuby – Baumes de la Bruyère,p1890,subjects,grotte,indexed_exact,,https://ark.frantiq.fr/ark:/26678/pcrtxKnfzXYMxK,
AdlFI_PACA_2023_prepared.xml,Comps-sur-Artuby – Baumes de la Bruyère,p1890,subjects,industrie lithique,indexed_exact,,https://ark.frantiq.fr/ark:/26678/pcrtbfqVEeganP,
AdlFI_PACA_2023_prepared.xml,Comps-sur-Artuby – Baumes de la Bruyère,p1890,subjects,restes d’origine biologique,not_found,,,"aucun prefLabel ou altLabel français actif, exact ou équivalent typographique unique ; XML laissé inchangé"
AdlFI_PACA_2023_prepared.xml,Comps-sur-Artuby – Baumes de la Bruyère,p1891,chronology,Mésolithique moyen,indexed_exact,,https://ark.frantiq.fr/ark:/26678/pcrtYwNO0YUbVp,
AdlFI_PACA_2023_prepared.xml,Comps-sur-Artuby – Baumes de la Bruyère,p1891,chronology,Néolithique moyen,indexed_exact,,https://ark.frantiq.fr/ark:/26678/pcrt2Da0ASe5sL,
AdlFI_PACA_2023_prepared.xml,Comps-sur-Artuby – Baumes de la Bruyère,p1894,fieldwork_method,opération de diagnostic,indexed_exact,,https://ark.frantiq.fr/ark:/26678/pcrtWWQS75V5Bc,
AdlFI_PACA_2023_prepared.xml,Comps-sur-Artuby – Les Prés de Laure,p1908,subjects,sédiment,indexed_exact,,https://ark.frantiq.fr/ark:/26678/pcrtjbpmw8qvrn,
AdlFI_PACA_2023_prepared.xml,Comps-sur-Artuby – Les Prés de Laure,p1908,subjects,industrie lithique,indexed_exact,,https://ark.frantiq.fr/ark:/26678/pcrtbfqVEeganP,
AdlFI_PACA_2023_prepared.xml,Comps-sur-Artuby – Les Prés de Laure,p1908,subjects,os animal,indexed_exact,,https://ark.frantiq.fr/ark:/26678/pcrtxaAvFeoE3Z,
AdlFI_PACA_2023_prepared.xml,Comps-sur-Artuby – Les Prés de Laure,p1909,chronology,Paléolithique récent,indexed_exact,,https://ark.frantiq.fr/ark:/26678/pcrt9U8BH9pVRu,
AdlFI_PACA_2023_prepared.xml,Comps-sur-Artuby – Les Prés de Laure,p1912,fieldwork_method,fouille programmée,indexed_exact,,https://ark.frantiq.fr/ark:/26678/crtSrWQs2w2KV,
AdlFI_PACA_2023_prepared.xml,Draguignan – 13 place de la Paroisse,p1925,subjects,édifice,indexed_exact,,https://ark.frantiq.fr/ark:/26678/pcrtDlzbGxWvTo,
AdlFI_PACA_2023_prepared.xml,Draguignan – 13 place de la Paroisse,p1925,subjects,cave,indexed_exact,,https://ark.frantiq.fr/ark:/26678/pcrtHcRTVDR1pt,
AdlFI_PACA_2023_prepared.xml,Draguignan – 13 place de la Paroisse,p1926,chronology,Moyen Âge classique,indexed_typographic,Moyen Âge classique,https://ark.frantiq.fr/ark:/26678/pcrtAjWBVFSefH,
AdlFI_PACA_2023_prepared.xml,Draguignan – 13 place de la Paroisse,p1930,fieldwork_method,opération de diagnostic,indexed_exact,,https://ark.frantiq.fr/ark:/26678/pcrtWWQS75V5Bc,
AdlFI_PACA_2023_prepared.xml,Draguignan – Saint-Hermentaire,p1942,subjects,habitat,indexed_exact,,https://ark.frantiq.fr/ark:/26678/pcrtbptj4SOA1W,
AdlFI_PACA_2023_prepared.xml,Draguignan – Saint-Hermentaire,p1942,subjects,enclos funéraire,indexed_exact,,https://ark.frantiq.fr/ark:/26678/pcrt4r4BzEK12w,
AdlFI_PACA_2023_prepared.xml,Draguignan – Saint-Hermentaire,p1942,subjects,sépulture à crémation,indexed_exact,,https://ark.frantiq.fr/ark:/26678/crtgYImO4KP6a,
AdlFI_PACA_2023_prepared.xml,Draguignan – Saint-Hermentaire,p1942,subjects,fondation de bâtiment,indexed_exact,,https://ark.frantiq.fr/ark:/26678/pcrtBedPXm0UJJ,
AdlFI_PACA_2023_prepared.xml,Draguignan – Saint-Hermentaire,p1943,chronology,Haut-Empire romain,indexed_exact,,https://ark.frantiq.fr/ark:/26678/pcrtH5r3FYBpwe,
AdlFI_PACA_2023_prepared.xml,Draguignan – Saint-Hermentaire,p1947,fieldwork_method,fouille programmée,indexed_exact,,https://ark.frantiq.fr/ark:/26678/crtSrWQs2w2KV,
AdlFI_PACA_2023_prepared.xml,Forcalqueiret – Le Castellas,p1959,subjects,château,indexed_exact,,https://ark.frantiq.fr/ark:/26678/pcrtRFSvuXH6BD,
AdlFI_PACA_2023_prepared.xml,Forcalqueiret – Le Castellas,p1959,subjects,logis,not_found,,,"aucun prefLabel ou altLabel français actif, exact ou équivalent typographique unique ; XML laissé inchangé"
AdlFI_PACA_2023_prepared.xml,Forcalqueiret – Le Castellas,p1960,chronology,époque médiévale,indexed_exact,,https://ark.frantiq.fr/ark:/26678/pcrtAQyKm9qosx,
AdlFI_PACA_2023_prepared.xml,Forcalqueiret – Le Castellas,p1960,chronology,époque moderne,indexed_exact,,https://ark.frantiq.fr/ark:/26678/pcrtPSEEZSBEJp,
AdlFI_PACA_2023_prepared.xml,Forcalqueiret – Le Castellas,p1964,fieldwork_method,fouille préventive,indexed_exact,,https://ark.frantiq.fr/ark:/26678/pcrtcJxzOpgs7T,
AdlFI_PACA_2023_prepared.xml,Fréjus – 82 avenue des Palmiers,p1972,subjects,decumanus,indexed_exact,,https://ark.frantiq.fr/ark:/26678/pcrtQKxf8QNzai,
AdlFI_PACA_2023_prepared.xml,Fréjus – 82 avenue des Palmiers,p1972,subjects,portique,indexed_exact,,https://ark.frantiq.fr/ark:/26678/pcrtYvFTIy7qRD,
AdlFI_PACA_2023_prepared.xml,Fréjus – 82 avenue des Palmiers,p1972,subjects,égout,indexed_exact,,https://ark.frantiq.fr/ark:/26678/pcrtyBdN76zI6i,
AdlFI_PACA_2023_prepared.xml,Fréjus – 82 avenue des Palmiers,p1973,chronology,époque julio-claudienne,indexed_exact,,https://ark.frantiq.fr/ark:/26678/pcrt0LUUgO9UTA,
AdlFI_PACA_2023_prepared.xml,Fréjus – 82 avenue des Palmiers,p1973,chronology,époque flavienne,indexed_exact,,https://ark.frantiq.fr/ark:/26678/pcrtuRTD6XcMBp,
AdlFI_PACA_2023_prepared.xml,Fréjus – 82 avenue des Palmiers,p1973,chronology,époque des Antonins,indexed_exact,,https://ark.frantiq.fr/ark:/26678/pcrtkj3Wq052nF,
AdlFI_PACA_2023_prepared.xml,Fréjus – 82 avenue des Palmiers,p1977,fieldwork_method,opération de diagnostic,indexed_exact,,https://ark.frantiq.fr/ark:/26678/pcrtWWQS75V5Bc,
AdlFI_PACA_2023_prepared.xml,Fréjus – 85 impasse Séverin-Decuers,p1989,subjects,mur,indexed_exact,,https://ark.frantiq.fr/ark:/26678/pcrtIxHmbVwDYW,
AdlFI_PACA_2023_prepared.xml,Fréjus – 85 impasse Séverin-Decuers,p1990,chronology,Antiquité romaine,indexed_exact,,https://ark.frantiq.fr/ark:/26678/pcrtZTmusVUU24,
AdlFI_PACA_2023_prepared.xml,Fréjus – 85 impasse Séverin-Decuers,p1994,fieldwork_method,opération de diagnostic,indexed_exact,,https://ark.frantiq.fr/ark:/26678/pcrtWWQS75V5Bc,
AdlFI_PACA_2023_prepared.xml,Fréjus – 208 chemin du Sourcier,p2001,subjects,aqueduc,indexed_exact,,https://ark.frantiq.fr/ark:/26678/pcrtQLzzeiDyrk,
AdlFI_PACA_2023_prepared.xml,Fréjus – 208 chemin du Sourcier,p2002,chronology,Antiquité romaine,indexed_exact,,https://ark.frantiq.fr/ark:/26678/pcrtZTmusVUU24,
AdlFI_PACA_2023_prepared.xml,Fréjus – 208 chemin du Sourcier,p2006,fieldwork_method,opération de diagnostic,indexed_exact,,https://ark.frantiq.fr/ark:/26678/pcrtWWQS75V5Bc,
AdlFI_PACA_2023_prepared.xml,"Fréjus – Aqueduc, arches Bérenguier",p2013,subjects,aqueduc,indexed_exact,,https://ark.frantiq.fr/ark:/26678/pcrtQLzzeiDyrk,
AdlFI_PACA_2023_prepared.xml,"Fréjus – Aqueduc, arches Bérenguier",p2014,chronology,Antiquité romaine,indexed_exact,,https://ark.frantiq.fr/ark:/26678/pcrtZTmusVUU24,
AdlFI_PACA_2023_prepared.xml,"Fréjus – Aqueduc, arches Bérenguier",p2018,fieldwork_method,fouille préventive,indexed_exact,,https://ark.frantiq.fr/ark:/26678/pcrtcJxzOpgs7T,
AdlFI_PACA_2023_prepared.xml,Fréjus – Le port romain de Fréjus,p2029,subjects,port,indexed_exact,,https://ark.frantiq.fr/ark:/26678/pcrtVemT6o6YVG,
AdlFI_PACA_2023_prepared.xml,Fréjus – Le port romain de Fréjus,p2029,subjects,quai,indexed_exact,,https://ark.frantiq.fr/ark:/26678/pcrtrMs1qgrvxu,
AdlFI_PACA_2023_prepared.xml,Fréjus – Le port romain de Fréjus,p2029,subjects,pieu,indexed_exact,,https://ark.frantiq.fr/ark:/26678/pcrtL3WSQJjK9w,
AdlFI_PACA_2023_prepared.xml,Fréjus – Le port romain de Fréjus,p2030,chronology,Antiquité romaine,indexed_exact,,https://ark.frantiq.fr/ark:/26678/pcrtZTmusVUU24,
AdlFI_PACA_2023_prepared.xml,Fréjus – Le port romain de Fréjus,p2034,fieldwork_method,projet collectif de recherche,indexed_exact,,https://ark.frantiq.fr/ark:/26678/crtqI2kNablQH,
AdlFI_PACA_2023_prepared.xml,Fréjus – Village Bellevue,p2049,subjects,aqueduc,indexed_exact,,https://ark.frantiq.fr/ark:/26678/pcrtQLzzeiDyrk,
AdlFI_PACA_2023_prepared.xml,Fréjus – Village Bellevue,p2049,subjects,mur,indexed_exact,,https://ark.frantiq.fr/ark:/26678/pcrtIxHmbVwDYW,
AdlFI_PACA_2023_prepared.xml,Fréjus – Village Bellevue,p2050,chronology,Antiquité romaine,indexed_exact,,https://ark.frantiq.fr/ark:/26678/pcrtZTmusVUU24,
AdlFI_PACA_2023_prepared.xml,Fréjus – Village Bellevue,p2050,chronology,époque moderne,indexed_exact,,https://ark.frantiq.fr/ark:/26678/pcrtPSEEZSBEJp,
AdlFI_PACA_2023_prepared.xml,Fréjus – Village Bellevue,p2054,fieldwork_method,opération de diagnostic,indexed_exact,,https://ark.frantiq.fr/ark:/26678/pcrtWWQS75V5Bc,
AdlFI_PACA_2023_prepared.xml,Fréjus – Place des Jésuites,p2060,subjects,ensemble monumental,indexed_exact,,https://ark.frantiq.fr/ark:/26678/pcrtirX3soKftV,
AdlFI_PACA_2023_prepared.xml,Fréjus – Place des Jésuites,p2061,chronology,Antiquité romaine,indexed_exact,,https://ark.frantiq.fr/ark:/26678/pcrtZTmusVUU24,
AdlFI_PACA_2023_prepared.xml,Fréjus – Place des Jésuites,p2061,chronology,époque moderne,indexed_exact,,https://ark.frantiq.fr/ark:/26678/pcrtPSEEZSBEJp,
AdlFI_PACA_2023_prepared.xml,Fréjus – Place des Jésuites,p2065,fieldwork_method,opération de diagnostic,indexed_exact,,https://ark.frantiq.fr/ark:/26678/pcrtWWQS75V5Bc,
AdlFI_PACA_2023_prepared.xml,Hyères – 299 chemin de Pomponiana,p2079,subjects,fossé,not_found,,,"aucun prefLabel ou altLabel français actif, exact ou équivalent typographique unique ; XML laissé inchangé"
AdlFI_PACA_2023_prepared.xml,Hyères – 299 chemin de Pomponiana,p2079,subjects,fosse,indexed_exact,,https://ark.frantiq.fr/ark:/26678/pcrtms2OAv82PY,
AdlFI_PACA_2023_prepared.xml,Hyères – 299 chemin de Pomponiana,p2079,subjects,mur,indexed_exact,,https://ark.frantiq.fr/ark:/26678/pcrtIxHmbVwDYW,
AdlFI_PACA_2023_prepared.xml,Hyères – 299 chemin de Pomponiana,p2079,subjects,sépulture à crémation,indexed_exact,,https://ark.frantiq.fr/ark:/26678/crtgYImO4KP6a,
AdlFI_PACA_2023_prepared.xml,Hyères – 299 chemin de Pomponiana,p2079,subjects,sépulture à inhumation,indexed_exact,,https://ark.frantiq.fr/ark:/26678/pcrt8p3mfhtf65,
AdlFI_PACA_2023_prepared.xml,Hyères – 299 chemin de Pomponiana,p2080,chronology,époque hellénistique,indexed_exact,,https://ark.frantiq.fr/ark:/26678/pcrtaFkrKZEXbs,
AdlFI_PACA_2023_prepared.xml,Hyères – 299 chemin de Pomponiana,p2080,chronology,Haut-empire romain,indexed_typographic,Haut-Empire romain,https://ark.frantiq.fr/ark:/26678/pcrtH5r3FYBpwe,
AdlFI_PACA_2023_prepared.xml,Hyères – 299 chemin de Pomponiana,p2080,chronology,haut Moyen Âge,indexed_typographic,haut Moyen Âge,https://ark.frantiq.fr/ark:/26678/pcrtOA7J729U5c,
AdlFI_PACA_2023_prepared.xml,Hyères – 299 chemin de Pomponiana,p2084,fieldwork_method,opération de diagnostic,indexed_exact,,https://ark.frantiq.fr/ark:/26678/pcrtWWQS75V5Bc,
AdlFI_PACA_2023_prepared.xml,Lorgues – 12-14 rue de la Vieille-Horloge,p2093,subjects,édifice,indexed_exact,,https://ark.frantiq.fr/ark:/26678/pcrtDlzbGxWvTo,
AdlFI_PACA_2023_prepared.xml,Lorgues – 12-14 rue de la Vieille-Horloge,p2094,chronology,bas Moyen Âge,indexed_typographic,bas Moyen Âge,https://ark.frantiq.fr/ark:/26678/pcrtkWqzTusoxz,
AdlFI_PACA_2023_prepared.xml,Lorgues – 12-14 rue de la Vieille-Horloge,p2094,chronology,époque moderne,indexed_exact,,https://ark.frantiq.fr/ark:/26678/pcrtPSEEZSBEJp,
AdlFI_PACA_2023_prepared.xml,Lorgues – 12-14 rue de la Vieille-Horloge,p2094,chronology,époque contemporaine,indexed_exact,,https://ark.frantiq.fr/ark:/26678/pcrt59R77d1H15,
AdlFI_PACA_2023_prepared.xml,Lorgues – 12-14 rue de la Vieille-Horloge,p2098,fieldwork_method,opération de diagnostic,indexed_exact,,https://ark.frantiq.fr/ark:/26678/pcrtWWQS75V5Bc,
AdlFI_PACA_2023_prepared.xml,Montmeyan – Abri Breuil,p2110,subjects,abri sous roche,indexed_exact,,https://ark.frantiq.fr/ark:/26678/pcrtkeLpJpVN4t,
AdlFI_PACA_2023_prepared.xml,Montmeyan – Abri Breuil,p2110,subjects,sédiment,indexed_exact,,https://ark.frantiq.fr/ark:/26678/pcrtjbpmw8qvrn,
AdlFI_PACA_2023_prepared.xml,Montmeyan – Abri Breuil,p2110,subjects,industrie lithique,indexed_exact,,https://ark.frantiq.fr/ark:/26678/pcrtbfqVEeganP,
AdlFI_PACA_2023_prepared.xml,Montmeyan – Abri Breuil,p2110,subjects,os animal,indexed_exact,,https://ark.frantiq.fr/ark:/26678/pcrtxaAvFeoE3Z,
AdlFI_PACA_2023_prepared.xml,Montmeyan – Abri Breuil,p2111,chronology,Paléolithique ancien,indexed_exact,,https://ark.frantiq.fr/ark:/26678/pcrtVgXMuQrnxx,
AdlFI_PACA_2023_prepared.xml,Montmeyan – Abri Breuil,p2111,chronology,Paléolithique moyen,indexed_exact,,https://ark.frantiq.fr/ark:/26678/pcrtT7uGEJ3s0j,
AdlFI_PACA_2023_prepared.xml,Montmeyan – Abri Breuil,p2111,chronology,glaciation de Würm,indexed_exact,,https://ark.frantiq.fr/ark:/26678/pcrtLagpHNQNLi,
AdlFI_PACA_2023_prepared.xml,Montmeyan – Abri Breuil,p2111,chronology,Paléolithique récent,indexed_exact,,https://ark.frantiq.fr/ark:/26678/pcrt9U8BH9pVRu,
AdlFI_PACA_2023_prepared.xml,Montmeyan – Abri Breuil,p2111,chronology,Épigravettien,indexed_exact,,https://ark.frantiq.fr/ark:/26678/pcrta8NMaob4Tu,
AdlFI_PACA_2023_prepared.xml,Montmeyan – Abri Breuil,p2115,fieldwork_method,opération de diagnostic,indexed_exact,,https://ark.frantiq.fr/ark:/26678/pcrtWWQS75V5Bc,
AdlFI_PACA_2023_prepared.xml,"Le Muy – Les Cadenades, tranche 1",p2134,subjects,sédiment,indexed_exact,,https://ark.frantiq.fr/ark:/26678/pcrtjbpmw8qvrn,
AdlFI_PACA_2023_prepared.xml,"Le Muy – Les Cadenades, tranche 1",p2134,subjects,fossé,not_found,,,"aucun prefLabel ou altLabel français actif, exact ou équivalent typographique unique ; XML laissé inchangé"
AdlFI_PACA_2023_prepared.xml,"Le Muy – Les Cadenades, tranche 1",p2134,subjects,fosse,indexed_exact,,https://ark.frantiq.fr/ark:/26678/pcrtms2OAv82PY,
AdlFI_PACA_2023_prepared.xml,"Le Muy – Les Cadenades, tranche 1",p2134,subjects,sépulture,indexed_exact,,https://ark.frantiq.fr/ark:/26678/pcrt795b632nWw,
AdlFI_PACA_2023_prepared.xml,"Le Muy – Les Cadenades, tranche 1",p2134,subjects,mur,indexed_exact,,https://ark.frantiq.fr/ark:/26678/pcrtIxHmbVwDYW,
AdlFI_PACA_2023_prepared.xml,"Le Muy – Les Cadenades, tranche 1",p2134,subjects,structure de combustion,indexed_exact,,https://ark.frantiq.fr/ark:/26678/pcrtJUwAaZ7Nz9,
AdlFI_PACA_2023_prepared.xml,"Le Muy – Les Cadenades, tranche 1",p2134,subjects,industrie lithique,indexed_exact,,https://ark.frantiq.fr/ark:/26678/pcrtbfqVEeganP,
AdlFI_PACA_2023_prepared.xml,"Le Muy – Les Cadenades, tranche 1",p2134,subjects,os animal,indexed_exact,,https://ark.frantiq.fr/ark:/26678/pcrtxaAvFeoE3Z,
AdlFI_PACA_2023_prepared.xml,"Le Muy – Les Cadenades, tranche 1",p2135,chronology,Paléolithique,indexed_exact,,https://ark.frantiq.fr/ark:/26678/pcrtFS9v4PxyYL,
AdlFI_PACA_2023_prepared.xml,"Le Muy – Les Cadenades, tranche 1",p2135,chronology,premier âge du Fer,indexed_typographic,premier âge du fer,https://ark.frantiq.fr/ark:/26678/pcrtS9zS3EMQiR,
AdlFI_PACA_2023_prepared.xml,"Le Muy – Les Cadenades, tranche 1",p2135,chronology,Haut-Empire romain,indexed_exact,,https://ark.frantiq.fr/ark:/26678/pcrtH5r3FYBpwe,
AdlFI_PACA_2023_prepared.xml,"Le Muy – Les Cadenades, tranche 1",p2135,chronology,haut Moyen Âge,indexed_typographic,haut Moyen Âge,https://ark.frantiq.fr/ark:/26678/pcrtOA7J729U5c,
AdlFI_PACA_2023_prepared.xml,"Le Muy – Les Cadenades, tranche 1",p2135,chronology,Moyen Âge classique,indexed_typographic,Moyen Âge classique,https://ark.frantiq.fr/ark:/26678/pcrtAjWBVFSefH,
AdlFI_PACA_2023_prepared.xml,"Le Muy – Les Cadenades, tranche 1",p2139,fieldwork_method,opération de diagnostic,indexed_exact,,https://ark.frantiq.fr/ark:/26678/pcrtWWQS75V5Bc,
AdlFI_PACA_2023_prepared.xml,Ollières – 17 impasse des Amandiers,p2150,subjects,sédiment,indexed_exact,,https://ark.frantiq.fr/ark:/26678/pcrtjbpmw8qvrn,
AdlFI_PACA_2023_prepared.xml,Ollières – 17 impasse des Amandiers,p2151,chronology,Paléolithique récent,indexed_exact,,https://ark.frantiq.fr/ark:/26678/pcrt9U8BH9pVRu,
AdlFI_PACA_2023_prepared.xml,Ollières – 17 impasse des Amandiers,p2151,chronology,Mésolithique,indexed_exact,,https://ark.frantiq.fr/ark:/26678/pcrtNs85SfBRuH,
AdlFI_PACA_2023_prepared.xml,Ollières – 17 impasse des Amandiers,p2155,fieldwork_method,opération de diagnostic,indexed_exact,,https://ark.frantiq.fr/ark:/26678/pcrtWWQS75V5Bc,
AdlFI_PACA_2023_prepared.xml,Pourcieux – Réseau du canal de Provence,p2165,subjects,atelier de potier,indexed_exact,,https://ark.frantiq.fr/ark:/26678/pcrtfUZSMbifle,
AdlFI_PACA_2023_prepared.xml,Pourcieux – Réseau du canal de Provence,p2165,subjects,fosse,indexed_exact,,https://ark.frantiq.fr/ark:/26678/pcrtms2OAv82PY,
AdlFI_PACA_2023_prepared.xml,Pourcieux – Réseau du canal de Provence,p2165,subjects,dépotoir,indexed_exact,,https://ark.frantiq.fr/ark:/26678/pcrteJiI6BxaFN,
AdlFI_PACA_2023_prepared.xml,Pourcieux – Réseau du canal de Provence,p2166,chronology,Néolithique,indexed_exact,,https://ark.frantiq.fr/ark:/26678/pcrtH8P95EucZz,
AdlFI_PACA_2023_prepared.xml,Pourcieux – Réseau du canal de Provence,p2166,chronology,bas Moyen Âge,indexed_typographic,bas Moyen Âge,https://ark.frantiq.fr/ark:/26678/pcrtkWqzTusoxz,
AdlFI_PACA_2023_prepared.xml,Pourcieux – Réseau du canal de Provence,p2170,fieldwork_method,opération de diagnostic,indexed_exact,,https://ark.frantiq.fr/ark:/26678/pcrtWWQS75V5Bc,
AdlFI_PACA_2023_prepared.xml,Saint-Cyr-sur-Mer – 6 boulevard Anatole Ducros,p2180,subjects,blockhaus,indexed_exact,,https://ark.frantiq.fr/ark:/26678/crtSsZjPn8IjF,
AdlFI_PACA_2023_prepared.xml,Saint-Cyr-sur-Mer – 6 boulevard Anatole Ducros,p2181,chronology,époque contemporaine,indexed_exact,,https://ark.frantiq.fr/ark:/26678/pcrt59R77d1H15,
AdlFI_PACA_2023_prepared.xml,Saint-Cyr-sur-Mer – 6 boulevard Anatole Ducros,p2181,chronology,Second Guerre mondiale,not_found,,,"aucun prefLabel ou altLabel français actif, exact ou équivalent typographique unique ; XML laissé inchangé"
AdlFI_PACA_2023_prepared.xml,Saint-Cyr-sur-Mer – 6 boulevard Anatole Ducros,p2185,fieldwork_method,fouille préventive,indexed_exact,,https://ark.frantiq.fr/ark:/26678/pcrtcJxzOpgs7T,
AdlFI_PACA_2023_prepared.xml,Saint-Maximin-la-Sainte-Baume – Jardins de l’Enclos,p2194,subjects,jardin,indexed_exact,,https://ark.frantiq.fr/ark:/26678/pcrtXhKSYgoqeP,
AdlFI_PACA_2023_prepared.xml,Saint-Maximin-la-Sainte-Baume – Jardins de l’Enclos,p2194,subjects,fossé,not_found,,,"aucun prefLabel ou altLabel français actif, exact ou équivalent typographique unique ; XML laissé inchangé"
AdlFI_PACA_2023_prepared.xml,Saint-Maximin-la-Sainte-Baume – Jardins de l’Enclos,p2194,subjects,bassin,not_found,,,"aucun prefLabel ou altLabel français actif, exact ou équivalent typographique unique ; XML laissé inchangé"
AdlFI_PACA_2023_prepared.xml,Saint-Maximin-la-Sainte-Baume – Jardins de l’Enclos,p2194,subjects,canalisation,indexed_exact,,https://ark.frantiq.fr/ark:/26678/pcrtgJvAbEFhK7,
AdlFI_PACA_2023_prepared.xml,Saint-Maximin-la-Sainte-Baume – Jardins de l’Enclos,p2195,chronology,Moyen Âge classique,indexed_typographic,Moyen Âge classique,https://ark.frantiq.fr/ark:/26678/pcrtAjWBVFSefH,
AdlFI_PACA_2023_prepared.xml,Saint-Maximin-la-Sainte-Baume – Jardins de l’Enclos,p2195,chronology,époque moderne,indexed_exact,,https://ark.frantiq.fr/ark:/26678/pcrtPSEEZSBEJp,
AdlFI_PACA_2023_prepared.xml,Saint-Maximin-la-Sainte-Baume – Jardins de l’Enclos,p2195,chronology,époque contemporaine,indexed_exact,,https://ark.frantiq.fr/ark:/26678/pcrt59R77d1H15,
AdlFI_PACA_2023_prepared.xml,Saint-Maximin-la-Sainte-Baume – Jardins de l’Enclos,p2199,fieldwork_method,opération de diagnostic,indexed_exact,,https://ark.frantiq.fr/ark:/26678/pcrtWWQS75V5Bc,
AdlFI_PACA_2023_prepared.xml,Saint-Maximin-la-Sainte-Baume – Plaine de Saint-Maximin,p2215,subjects,paléoenvironnement,indexed_exact,,https://ark.frantiq.fr/ark:/26678/pcrtkilSDZLAlV,
AdlFI_PACA_2023_prepared.xml,Saint-Maximin-la-Sainte-Baume – Plaine de Saint-Maximin,p2215,subjects,lac,indexed_exact,,https://ark.frantiq.fr/ark:/26678/pcrtFdK3klNna0,
AdlFI_PACA_2023_prepared.xml,Saint-Maximin-la-Sainte-Baume – Plaine de Saint-Maximin,p2215,subjects,fosse,indexed_exact,,https://ark.frantiq.fr/ark:/26678/pcrtms2OAv82PY,
AdlFI_PACA_2023_prepared.xml,Saint-Maximin-la-Sainte-Baume – Plaine de Saint-Maximin,p2215,subjects,structure à pierres chauffées,indexed_exact,,https://ark.frantiq.fr/ark:/26678/pcrtf6v9v8kp6zb5bwxk2pv6,
AdlFI_PACA_2023_prepared.xml,Saint-Maximin-la-Sainte-Baume – Plaine de Saint-Maximin,p2215,subjects,puits à eau,indexed_exact,,https://ark.frantiq.fr/ark:/26678/pcrtiS8Ollckzn,
AdlFI_PACA_2023_prepared.xml,Saint-Maximin-la-Sainte-Baume – Plaine de Saint-Maximin,p2215,subjects,industrie lithique,indexed_exact,,https://ark.frantiq.fr/ark:/26678/pcrtbfqVEeganP,
AdlFI_PACA_2023_prepared.xml,Saint-Maximin-la-Sainte-Baume – Plaine de Saint-Maximin,p2215,subjects,céramique néolithique,indexed_exact,,https://ark.frantiq.fr/ark:/26678/pcrtekRzBDVyGa,
AdlFI_PACA_2023_prepared.xml,Saint-Maximin-la-Sainte-Baume – Plaine de Saint-Maximin,p2215,subjects,céramique de l’âge du Fer,indexed_typographic,céramique de l'âge du fer,https://ark.frantiq.fr/ark:/26678/pcrt6VdPSiSDfs,
AdlFI_PACA_2023_prepared.xml,Saint-Maximin-la-Sainte-Baume – Plaine de Saint-Maximin,p2216,chronology,Paléolithique récent,indexed_exact,,https://ark.frantiq.fr/ark:/26678/pcrt9U8BH9pVRu,
AdlFI_PACA_2023_prepared.xml,Saint-Maximin-la-Sainte-Baume – Plaine de Saint-Maximin,p2216,chronology,Néolithique,indexed_exact,,https://ark.frantiq.fr/ark:/26678/pcrtH8P95EucZz,
AdlFI_PACA_2023_prepared.xml,Saint-Maximin-la-Sainte-Baume – Plaine de Saint-Maximin,p2216,chronology,Bronze final,indexed_exact,,https://ark.frantiq.fr/ark:/26678/pcrtQGLpWkh9Gt,
AdlFI_PACA_2023_prepared.xml,Saint-Maximin-la-Sainte-Baume – Plaine de Saint-Maximin,p2216,chronology,premier âge du Fer,indexed_typographic,premier âge du fer,https://ark.frantiq.fr/ark:/26678/pcrtS9zS3EMQiR,
AdlFI_PACA_2023_prepared.xml,Saint-Maximin-la-Sainte-Baume – Plaine de Saint-Maximin,p2220,fieldwork_method,projet collectif de recherche,indexed_exact,,https://ark.frantiq.fr/ark:/26678/crtqI2kNablQH,
AdlFI_PACA_2023_prepared.xml,Saint-Tropez – 42 avenue Paul-Roussel,p2239,subjects,villa,not_found,,,"aucun prefLabel ou altLabel français actif, exact ou équivalent typographique unique ; XML laissé inchangé"
AdlFI_PACA_2023_prepared.xml,Saint-Tropez – 42 avenue Paul-Roussel,p2239,subjects,fosse,indexed_exact,,https://ark.frantiq.fr/ark:/26678/pcrtms2OAv82PY,
AdlFI_PACA_2023_prepared.xml,Saint-Tropez – 42 avenue Paul-Roussel,p2239,subjects,caniveau,indexed_exact,,https://ark.frantiq.fr/ark:/26678/pcrtqOAKgeSUj4,
AdlFI_PACA_2023_prepared.xml,Saint-Tropez – 42 avenue Paul-Roussel,p2240,chronology,Antiquité romaine,indexed_exact,,https://ark.frantiq.fr/ark:/26678/pcrtZTmusVUU24,
AdlFI_PACA_2023_prepared.xml,Saint-Tropez – 42 avenue Paul-Roussel,p2240,chronology,Antiquité tardive,indexed_exact,,https://ark.frantiq.fr/ark:/26678/pcrtwopiLhK1Ek,
AdlFI_PACA_2023_prepared.xml,Saint-Tropez – 42 avenue Paul-Roussel,p2244,fieldwork_method,opération de diagnostic,indexed_exact,,https://ark.frantiq.fr/ark:/26678/pcrtWWQS75V5Bc,
AdlFI_PACA_2023_prepared.xml,Saint-Tropez – 5 chemin de Sainte-Anne,p2252,subjects,fosse,indexed_exact,,https://ark.frantiq.fr/ark:/26678/pcrtms2OAv82PY,
AdlFI_PACA_2023_prepared.xml,Saint-Tropez – 5 chemin de Sainte-Anne,p2252,subjects,mur,indexed_exact,,https://ark.frantiq.fr/ark:/26678/pcrtIxHmbVwDYW,
AdlFI_PACA_2023_prepared.xml,Saint-Tropez – 5 chemin de Sainte-Anne,p2253,chronology,Bas-Empire romain,indexed_exact,,https://ark.frantiq.fr/ark:/26678/pcrt0auHUwTKix,
AdlFI_PACA_2023_prepared.xml,Saint-Tropez – 5 chemin de Sainte-Anne,p2257,fieldwork_method,opération de diagnostic,indexed_exact,,https://ark.frantiq.fr/ark:/26678/pcrtWWQS75V5Bc,
AdlFI_PACA_2023_prepared.xml,Salernes – Huchane,p2263,subjects,bergerie,indexed_exact,,https://ark.frantiq.fr/ark:/26678/pcrtqFSnLdA1Df,
AdlFI_PACA_2023_prepared.xml,Salernes – Huchane,p2263,subjects,four à chaux,indexed_exact,,https://ark.frantiq.fr/ark:/26678/pcrteATef2dHLg,
AdlFI_PACA_2023_prepared.xml,Salernes – Huchane,p2264,chronology,époque moderne,indexed_exact,,https://ark.frantiq.fr/ark:/26678/pcrtPSEEZSBEJp,
AdlFI_PACA_2023_prepared.xml,Salernes – Huchane,p2264,chronology,époque contemporaine,indexed_exact,,https://ark.frantiq.fr/ark:/26678/pcrt59R77d1H15,
AdlFI_PACA_2023_prepared.xml,Salernes – Huchane,p2268,fieldwork_method,opération de diagnostic,indexed_exact,,https://ark.frantiq.fr/ark:/26678/pcrtWWQS75V5Bc,
AdlFI_PACA_2023_prepared.xml,Signes – Les Ferrages,p2276,subjects,chemin,indexed_exact,,https://ark.frantiq.fr/ark:/26678/pcrthtw9KdIqHy,
AdlFI_PACA_2023_prepared.xml,Signes – Les Ferrages,p2276,subjects,habitat rural,indexed_exact,,https://ark.frantiq.fr/ark:/26678/pcrtVnWeKqGpcj,
AdlFI_PACA_2023_prepared.xml,Signes – Les Ferrages,p2276,subjects,sépulture à crémation,indexed_exact,,https://ark.frantiq.fr/ark:/26678/crtgYImO4KP6a,
AdlFI_PACA_2023_prepared.xml,Signes – Les Ferrages,p2277,chronology,second âge du Fer,indexed_typographic,second âge du fer,https://ark.frantiq.fr/ark:/26678/pcrtxVmyWBbIQq,
AdlFI_PACA_2023_prepared.xml,Signes – Les Ferrages,p2277,chronology,Haut-Empire romain,indexed_exact,,https://ark.frantiq.fr/ark:/26678/pcrtH5r3FYBpwe,
AdlFI_PACA_2023_prepared.xml,Signes – Les Ferrages,p2277,chronology,Bas-Empire romain,indexed_exact,,https://ark.frantiq.fr/ark:/26678/pcrt0auHUwTKix,
AdlFI_PACA_2023_prepared.xml,Signes – Les Ferrages,p2277,chronology,Antiquité tardive,indexed_exact,,https://ark.frantiq.fr/ark:/26678/pcrtwopiLhK1Ek,
AdlFI_PACA_2023_prepared.xml,Signes – Les Ferrages,p2277,chronology,époque moderne,indexed_exact,,https://ark.frantiq.fr/ark:/26678/pcrtPSEEZSBEJp,
AdlFI_PACA_2023_prepared.xml,Signes – Les Ferrages,p2281,fieldwork_method,opération de diagnostic,indexed_exact,,https://ark.frantiq.fr/ark:/26678/pcrtWWQS75V5Bc,
AdlFI_PACA_2023_prepared.xml,Solliès-Toucas – 16 rue des Écoles,p2293,subjects,habitat,indexed_exact,,https://ark.frantiq.fr/ark:/26678/pcrtbptj4SOA1W,
AdlFI_PACA_2023_prepared.xml,Solliès-Toucas – 16 rue des Écoles,p2294,chronology,Haut-Empire romain,indexed_exact,,https://ark.frantiq.fr/ark:/26678/pcrtH5r3FYBpwe,
AdlFI_PACA_2023_prepared.xml,Solliès-Toucas – 16 rue des Écoles,p2294,chronology,époque moderne,indexed_exact,,https://ark.frantiq.fr/ark:/26678/pcrtPSEEZSBEJp,
AdlFI_PACA_2023_prepared.xml,Solliès-Toucas – 16 rue des Écoles,p2298,fieldwork_method,opération de diagnostic,indexed_exact,,https://ark.frantiq.fr/ark:/26678/pcrtWWQS75V5Bc,
AdlFI_PACA_2023_prepared.xml,Toulon – Palais de justice,p2304,subjects,bastion,indexed_exact,,https://ark.frantiq.fr/ark:/26678/pcrtrm9U7TEqJS,
AdlFI_PACA_2023_prepared.xml,Toulon – Palais de justice,p2304,subjects,fossé défensif,indexed_exact,,https://ark.frantiq.fr/ark:/26678/pcrtgjiiEm8kOO,
AdlFI_PACA_2023_prepared.xml,Toulon – Palais de justice,p2304,subjects,bassin,not_found,,,"aucun prefLabel ou altLabel français actif, exact ou équivalent typographique unique ; XML laissé inchangé"
AdlFI_PACA_2023_prepared.xml,Toulon – Palais de justice,p2305,chronology,époque moderne,indexed_exact,,https://ark.frantiq.fr/ark:/26678/pcrtPSEEZSBEJp,
AdlFI_PACA_2023_prepared.xml,Toulon – Palais de justice,p2305,chronology,époque contemporaine,indexed_exact,,https://ark.frantiq.fr/ark:/26678/pcrt59R77d1H15,
AdlFI_PACA_2023_prepared.xml,Toulon – Palais de justice,p2309,fieldwork_method,opération de diagnostic,indexed_exact,,https://ark.frantiq.fr/ark:/26678/pcrtWWQS75V5Bc,
AdlFI_PACA_2023_prepared.xml,Toulon – Chemin des Terres-Rouges,p2321,subjects,villa,not_found,,,"aucun prefLabel ou altLabel français actif, exact ou équivalent typographique unique ; XML laissé inchangé"
AdlFI_PACA_2023_prepared.xml,Toulon – Chemin des Terres-Rouges,p2321,subjects,sépulture à inhumation,indexed_exact,,https://ark.frantiq.fr/ark:/26678/pcrt8p3mfhtf65,
AdlFI_PACA_2023_prepared.xml,Toulon – Chemin des Terres-Rouges,p2321,subjects,tombe sous tuiles,indexed_exact,,https://ark.frantiq.fr/ark:/26678/pcrthimvauXNFz,
AdlFI_PACA_2023_prepared.xml,Toulon – Chemin des Terres-Rouges,p2321,subjects,cercueil,indexed_exact,,https://ark.frantiq.fr/ark:/26678/pcrtrJM9dwVgvI,
AdlFI_PACA_2023_prepared.xml,Toulon – Chemin des Terres-Rouges,p2322,chronology,Haut-Empire romain,indexed_exact,,https://ark.frantiq.fr/ark:/26678/pcrtH5r3FYBpwe,
AdlFI_PACA_2023_prepared.xml,Toulon – Chemin des Terres-Rouges,p2322,chronology,Bas-Empire romain,indexed_exact,,https://ark.frantiq.fr/ark:/26678/pcrt0auHUwTKix,
AdlFI_PACA_2023_prepared.xml,Toulon – Chemin des Terres-Rouges,p2326,fieldwork_method,fouille préventive,indexed_exact,,https://ark.frantiq.fr/ark:/26678/pcrtcJxzOpgs7T,
AdlFI_PACA_2023_prepared.xml,Trans-en-Provence – 86 chemin du Cognet,p2347,subjects,chemin,indexed_exact,,https://ark.frantiq.fr/ark:/26678/pcrthtw9KdIqHy,
AdlFI_PACA_2023_prepared.xml,Trans-en-Provence – 86 chemin du Cognet,p2347,subjects,fosse,indexed_exact,,https://ark.frantiq.fr/ark:/26678/pcrtms2OAv82PY,
AdlFI_PACA_2023_prepared.xml,Trans-en-Provence – 86 chemin du Cognet,p2347,subjects,drain,indexed_exact,,https://ark.frantiq.fr/ark:/26678/pcrtthlTfnSHQp,
AdlFI_PACA_2023_prepared.xml,Trans-en-Provence – 86 chemin du Cognet,p2347,subjects,structure de combustion,indexed_exact,,https://ark.frantiq.fr/ark:/26678/pcrtJUwAaZ7Nz9,
AdlFI_PACA_2023_prepared.xml,Trans-en-Provence – 86 chemin du Cognet,p2348,chronology,Bronze moyen,indexed_exact,,https://ark.frantiq.fr/ark:/26678/pcrtSZ1b47Qkjp,
AdlFI_PACA_2023_prepared.xml,Trans-en-Provence – 86 chemin du Cognet,p2348,chronology,Bronze récent,indexed_exact,,https://ark.frantiq.fr/ark:/26678/pcrtWZ1Q76vmrn,
AdlFI_PACA_2023_prepared.xml,Trans-en-Provence – 86 chemin du Cognet,p2348,chronology,Bronze final,indexed_exact,,https://ark.frantiq.fr/ark:/26678/pcrtQGLpWkh9Gt,
AdlFI_PACA_2023_prepared.xml,Trans-en-Provence – 86 chemin du Cognet,p2348,chronology,premier âge du Fer,indexed_typographic,premier âge du fer,https://ark.frantiq.fr/ark:/26678/pcrtS9zS3EMQiR,
AdlFI_PACA_2023_prepared.xml,Trans-en-Provence – 86 chemin du Cognet,p2352,fieldwork_method,opération de diagnostic,indexed_exact,,https://ark.frantiq.fr/ark:/26678/pcrtWWQS75V5Bc,
AdlFI_PACA_2023_prepared.xml,Avignon – 31 rue Carnot,p2362,subjects,hôtel particulier,indexed_exact,,https://ark.frantiq.fr/ark:/26678/pcrtH0uZdhhYgG,
AdlFI_PACA_2023_prepared.xml,Avignon – 31 rue Carnot,p2362,subjects,escalier,indexed_exact,,https://ark.frantiq.fr/ark:/26678/pcrt9rY1ZcA6mi,
AdlFI_PACA_2023_prepared.xml,Avignon – 31 rue Carnot,p2362,subjects,décor peint,indexed_exact,,https://ark.frantiq.fr/ark:/26678/pcrtmZ7gZV6UUA,
AdlFI_PACA_2023_prepared.xml,Avignon – 31 rue Carnot,p2363,chronology,bas Moyen Âge,indexed_typographic,bas Moyen Âge,https://ark.frantiq.fr/ark:/26678/pcrtkWqzTusoxz,
AdlFI_PACA_2023_prepared.xml,Avignon – 31 rue Carnot,p2363,chronology,époque moderne,indexed_exact,,https://ark.frantiq.fr/ark:/26678/pcrtPSEEZSBEJp,
AdlFI_PACA_2023_prepared.xml,Avignon – 31 rue Carnot,p2367,fieldwork_method,opération de diagnostic,indexed_exact,,https://ark.frantiq.fr/ark:/26678/pcrtWWQS75V5Bc,
AdlFI_PACA_2023_prepared.xml,"Avignon – Palais des Papes, chapelle de Benoit XII",p2388,subjects,palais papal,indexed_exact,,https://ark.frantiq.fr/ark:/26678/pcrtmbno6OfHI0,
AdlFI_PACA_2023_prepared.xml,"Avignon – Palais des Papes, chapelle de Benoit XII",p2388,subjects,chapelle,indexed_exact,,https://ark.frantiq.fr/ark:/26678/pcrtXbnSYWENsu,
AdlFI_PACA_2023_prepared.xml,"Avignon – Palais des Papes, chapelle de Benoit XII",p2389,chronology,Moyen Âge classique,indexed_typographic,Moyen Âge classique,https://ark.frantiq.fr/ark:/26678/pcrtAjWBVFSefH,
AdlFI_PACA_2023_prepared.xml,"Avignon – Palais des Papes, chapelle de Benoit XII",p2389,chronology,bas Moyen Âge,indexed_typographic,bas Moyen Âge,https://ark.frantiq.fr/ark:/26678/pcrtkWqzTusoxz,
AdlFI_PACA_2023_prepared.xml,"Avignon – Palais des Papes, chapelle de Benoit XII",p2393,fieldwork_method,opération de diagnostic,indexed_exact,,https://ark.frantiq.fr/ark:/26678/pcrtWWQS75V5Bc,
AdlFI_PACA_2023_prepared.xml,Avignon – 6 rue du Roi-René,p2406,subjects,hôtel particulier,indexed_exact,,https://ark.frantiq.fr/ark:/26678/pcrtH0uZdhhYgG,
AdlFI_PACA_2023_prepared.xml,Avignon – 6 rue du Roi-René,p2406,subjects,façade,indexed_exact,,https://ark.frantiq.fr/ark:/26678/pcrtLbjx1LR0E0,
AdlFI_PACA_2023_prepared.xml,Avignon – 6 rue du Roi-René,p2406,subjects,fenêtre,indexed_exact,,https://ark.frantiq.fr/ark:/26678/pcrtSR6GJ72lOD,
AdlFI_PACA_2023_prepared.xml,Avignon – 6 rue du Roi-René,p2407,chronology,Moyen Âge classique,indexed_typographic,Moyen Âge classique,https://ark.frantiq.fr/ark:/26678/pcrtAjWBVFSefH,
AdlFI_PACA_2023_prepared.xml,Avignon – 6 rue du Roi-René,p2407,chronology,bas Moyen Âge,indexed_typographic,bas Moyen Âge,https://ark.frantiq.fr/ark:/26678/pcrtkWqzTusoxz,
AdlFI_PACA_2023_prepared.xml,Avignon – 6 rue du Roi-René,p2407,chronology,époque moderne,indexed_exact,,https://ark.frantiq.fr/ark:/26678/pcrtPSEEZSBEJp,
AdlFI_PACA_2023_prepared.xml,Avignon – 6 rue du Roi-René,p2407,chronology,époque contemporaine,indexed_exact,,https://ark.frantiq.fr/ark:/26678/pcrt59R77d1H15,
AdlFI_PACA_2023_prepared.xml,Avignon – 6 rue du Roi-René,p2411,fieldwork_method,opération de diagnostic,indexed_exact,,https://ark.frantiq.fr/ark:/26678/pcrtWWQS75V5Bc,
AdlFI_PACA_2023_prepared.xml,"Bollène – Montée du Barry, rue Félix-Perge",p2428,subjects,fosse,indexed_exact,,https://ark.frantiq.fr/ark:/26678/pcrtms2OAv82PY,
AdlFI_PACA_2023_prepared.xml,"Bollène – Montée du Barry, rue Félix-Perge",p2429,chronology,second âge du Fer,indexed_typographic,second âge du fer,https://ark.frantiq.fr/ark:/26678/pcrtxVmyWBbIQq,
AdlFI_PACA_2023_prepared.xml,"Bollène – Montée du Barry, rue Félix-Perge",p2429,chronology,Antiquité romaine,indexed_exact,,https://ark.frantiq.fr/ark:/26678/pcrtZTmusVUU24,
AdlFI_PACA_2023_prepared.xml,"Bollène – Montée du Barry, rue Félix-Perge",p2429,chronology,époque médiévale,indexed_exact,,https://ark.frantiq.fr/ark:/26678/pcrtAQyKm9qosx,
AdlFI_PACA_2023_prepared.xml,"Bollène – Montée du Barry, rue Félix-Perge",p2433,fieldwork_method,opération de diagnostic,indexed_exact,,https://ark.frantiq.fr/ark:/26678/pcrtWWQS75V5Bc,
AdlFI_PACA_2023_prepared.xml,Cavaillon – Avenue Prosper-Mérimée,p2438,subjects,fosse,indexed_exact,,https://ark.frantiq.fr/ark:/26678/pcrtms2OAv82PY,
AdlFI_PACA_2023_prepared.xml,Cavaillon – Avenue Prosper-Mérimée,p2438,subjects,fond de cabane,indexed_exact,,https://ark.frantiq.fr/ark:/26678/pcrt3NS9nZOZK5,
AdlFI_PACA_2023_prepared.xml,Cavaillon – Avenue Prosper-Mérimée,p2438,subjects,structure de combustion,indexed_exact,,https://ark.frantiq.fr/ark:/26678/pcrtJUwAaZ7Nz9,
AdlFI_PACA_2023_prepared.xml,Cavaillon – Avenue Prosper-Mérimée,p2438,subjects,puits à eau,indexed_exact,,https://ark.frantiq.fr/ark:/26678/pcrtiS8Ollckzn,
AdlFI_PACA_2023_prepared.xml,Cavaillon – Avenue Prosper-Mérimée,p2438,subjects,stèle funéraire,indexed_exact,,https://ark.frantiq.fr/ark:/26678/pcrt6FJgRdSUXx,
AdlFI_PACA_2023_prepared.xml,Cavaillon – Avenue Prosper-Mérimée,p2438,subjects,sculpture,indexed_exact,,https://ark.frantiq.fr/ark:/26678/pcrt4rR2kyMQuW,
AdlFI_PACA_2023_prepared.xml,Cavaillon – Avenue Prosper-Mérimée,p2439,chronology,second âge du Fer,indexed_typographic,second âge du fer,https://ark.frantiq.fr/ark:/26678/pcrtxVmyWBbIQq,
AdlFI_PACA_2023_prepared.xml,Cavaillon – Avenue Prosper-Mérimée,p2443,fieldwork_method,opération de diagnostic,indexed_exact,,https://ark.frantiq.fr/ark:/26678/pcrtWWQS75V5Bc,
AdlFI_PACA_2023_prepared.xml,Cavaillon – 181 avenue de la Libération,p2454,subjects,fossé,not_found,,,"aucun prefLabel ou altLabel français actif, exact ou équivalent typographique unique ; XML laissé inchangé"
AdlFI_PACA_2023_prepared.xml,Cavaillon – 181 avenue de la Libération,p2454,subjects,mur,indexed_exact,,https://ark.frantiq.fr/ark:/26678/pcrtIxHmbVwDYW,
AdlFI_PACA_2023_prepared.xml,Cavaillon – 181 avenue de la Libération,p2454,subjects,sépulture à crémation,indexed_exact,,https://ark.frantiq.fr/ark:/26678/crtgYImO4KP6a,
AdlFI_PACA_2023_prepared.xml,Cavaillon – 181 avenue de la Libération,p2455,chronology,Haut-Empire romain,indexed_exact,,https://ark.frantiq.fr/ark:/26678/pcrtH5r3FYBpwe,
AdlFI_PACA_2023_prepared.xml,Cavaillon – 181 avenue de la Libération,p2455,chronology,époque contemporaine,indexed_exact,,https://ark.frantiq.fr/ark:/26678/pcrt59R77d1H15,
AdlFI_PACA_2023_prepared.xml,Cavaillon – 181 avenue de la Libération,p2459,fieldwork_method,opération de diagnostic,indexed_exact,,https://ark.frantiq.fr/ark:/26678/pcrtWWQS75V5Bc,
AdlFI_PACA_2023_prepared.xml,Cavaillon – Avenue Georges-Clémenceau,p2465,subjects,fosse,indexed_exact,,https://ark.frantiq.fr/ark:/26678/pcrtms2OAv82PY,
AdlFI_PACA_2023_prepared.xml,Cavaillon – Avenue Georges-Clémenceau,p2465,subjects,sédiment,indexed_exact,,https://ark.frantiq.fr/ark:/26678/pcrtjbpmw8qvrn,
AdlFI_PACA_2023_prepared.xml,Cavaillon – Avenue Georges-Clémenceau,p2466,chronology,Antiquité romaine,indexed_exact,,https://ark.frantiq.fr/ark:/26678/pcrtZTmusVUU24,
AdlFI_PACA_2023_prepared.xml,Cavaillon – Avenue Georges-Clémenceau,p2470,fieldwork_method,opération de diagnostic,indexed_exact,,https://ark.frantiq.fr/ark:/26678/pcrtWWQS75V5Bc,
AdlFI_PACA_2023_prepared.xml,Cavaillon – Le cloître,p2477,subjects,cloître,indexed_exact,,https://ark.frantiq.fr/ark:/26678/pcrtug0BSh8Km8,
AdlFI_PACA_2023_prepared.xml,Cavaillon – Le cloître,p2477,subjects,galerie,indexed_exact,,https://ark.frantiq.fr/ark:/26678/pcrtv3UT59y4b6,
AdlFI_PACA_2023_prepared.xml,Cavaillon – Le cloître,p2478,chronology,Moyen Âge classique,indexed_typographic,Moyen Âge classique,https://ark.frantiq.fr/ark:/26678/pcrtAjWBVFSefH,
AdlFI_PACA_2023_prepared.xml,Cavaillon – Le cloître,p2478,chronology,bas Moyen Âge,indexed_typographic,bas Moyen Âge,https://ark.frantiq.fr/ark:/26678/pcrtkWqzTusoxz,
AdlFI_PACA_2023_prepared.xml,Cavaillon – Le cloître,p2478,chronology,époque moderne,indexed_exact,,https://ark.frantiq.fr/ark:/26678/pcrtPSEEZSBEJp,
AdlFI_PACA_2023_prepared.xml,Cavaillon – Le cloître,p2481,fieldwork_method,opération de diagnostic,indexed_exact,,https://ark.frantiq.fr/ark:/26678/pcrtWWQS75V5Bc,
AdlFI_PACA_2023_prepared.xml,Entraigues-sur-la-Sorgue – Zac du Plan,p2494,subjects,fossé,not_found,,,"aucun prefLabel ou altLabel français actif, exact ou équivalent typographique unique ; XML laissé inchangé"
AdlFI_PACA_2023_prepared.xml,Entraigues-sur-la-Sorgue – Zac du Plan,p2494,subjects,fosse,indexed_exact,,https://ark.frantiq.fr/ark:/26678/pcrtms2OAv82PY,
AdlFI_PACA_2023_prepared.xml,Entraigues-sur-la-Sorgue – Zac du Plan,p2494,subjects,silo,indexed_exact,,https://ark.frantiq.fr/ark:/26678/pcrtdgALrHBSlv,
AdlFI_PACA_2023_prepared.xml,Entraigues-sur-la-Sorgue – Zac du Plan,p2494,subjects,structure de combustion,indexed_exact,,https://ark.frantiq.fr/ark:/26678/pcrtJUwAaZ7Nz9,
AdlFI_PACA_2023_prepared.xml,Entraigues-sur-la-Sorgue – Zac du Plan,p2494,subjects,four,indexed_exact,,https://ark.frantiq.fr/ark:/26678/pcrtIqEHwJLuq0,
AdlFI_PACA_2023_prepared.xml,Entraigues-sur-la-Sorgue – Zac du Plan,p2494,subjects,sépulture d’immature,indexed_typographic,sépulture d'immature,https://ark.frantiq.fr/ark:/26678/pcrtVjzPFoOkpk,
AdlFI_PACA_2023_prepared.xml,Entraigues-sur-la-Sorgue – Zac du Plan,p2494,subjects,vase-cercueil,indexed_exact,,https://ark.frantiq.fr/ark:/26678/pcrt2hrc8175t8,
AdlFI_PACA_2023_prepared.xml,Entraigues-sur-la-Sorgue – Zac du Plan,p2495,chronology,premier âge du Fer,indexed_typographic,premier âge du fer,https://ark.frantiq.fr/ark:/26678/pcrtS9zS3EMQiR,
AdlFI_PACA_2023_prepared.xml,Entraigues-sur-la-Sorgue – Zac du Plan,p2495,chronology,Antiquité tardive,indexed_exact,,https://ark.frantiq.fr/ark:/26678/pcrtwopiLhK1Ek,
AdlFI_PACA_2023_prepared.xml,Entraigues-sur-la-Sorgue – Zac du Plan,p2495,chronology,haut Moyen Âge,indexed_typographic,haut Moyen Âge,https://ark.frantiq.fr/ark:/26678/pcrtOA7J729U5c,
AdlFI_PACA_2023_prepared.xml,Entraigues-sur-la-Sorgue – Zac du Plan,p2499,fieldwork_method,fouille préventive,indexed_exact,,https://ark.frantiq.fr/ark:/26678/pcrtcJxzOpgs7T,
AdlFI_PACA_2023_prepared.xml,Gigondas – Chapelle Saint-Cosme,p2512,subjects,église,indexed_exact,,https://ark.frantiq.fr/ark:/26678/pcrtoV7zLJpAfX,
AdlFI_PACA_2023_prepared.xml,Gigondas – Chapelle Saint-Cosme,p2512,subjects,chapelle,indexed_exact,,https://ark.frantiq.fr/ark:/26678/pcrtXbnSYWENsu,
AdlFI_PACA_2023_prepared.xml,Gigondas – Chapelle Saint-Cosme,p2512,subjects,sépulture,indexed_exact,,https://ark.frantiq.fr/ark:/26678/pcrt795b632nWw,
AdlFI_PACA_2023_prepared.xml,Gigondas – Chapelle Saint-Cosme,p2513,chronology,haut Moyen Âge ; Moyen Âge classique,not_found,,,"aucun prefLabel ou altLabel français actif, exact ou équivalent typographique unique ; XML laissé inchangé"
AdlFI_PACA_2023_prepared.xml,Gigondas – Chapelle Saint-Cosme,p2513,chronology,époque moderne,indexed_exact,,https://ark.frantiq.fr/ark:/26678/pcrtPSEEZSBEJp,
AdlFI_PACA_2023_prepared.xml,Gigondas – Chapelle Saint-Cosme,p2517,fieldwork_method,opération de diagnostic,indexed_exact,,https://ark.frantiq.fr/ark:/26678/pcrtWWQS75V5Bc,
AdlFI_PACA_2023_prepared.xml,Méthamis – Les Auzières,p2536,subjects,homo neanderthalensis,indexed_exact,,https://ark.frantiq.fr/ark:/26678/pcrt4UUeU12dn8,
AdlFI_PACA_2023_prepared.xml,Méthamis – Les Auzières,p2536,subjects,os animal,indexed_exact,,https://ark.frantiq.fr/ark:/26678/pcrtxaAvFeoE3Z,
AdlFI_PACA_2023_prepared.xml,Méthamis – Les Auzières,p2536,subjects,carapace de tortue,indexed_exact,,https://ark.frantiq.fr/ark:/26678/pcrtchfdkzkcs7cwsn1rrxmr,
AdlFI_PACA_2023_prepared.xml,Méthamis – Les Auzières,p2536,subjects,industrie lithique,indexed_exact,,https://ark.frantiq.fr/ark:/26678/pcrtbfqVEeganP,
AdlFI_PACA_2023_prepared.xml,Méthamis – Les Auzières,p2537,chronology,Paléolithique moyen,indexed_exact,,https://ark.frantiq.fr/ark:/26678/pcrtT7uGEJ3s0j,
AdlFI_PACA_2023_prepared.xml,Méthamis – Les Auzières,p2541,fieldwork_method,fouille programmée,indexed_exact,,https://ark.frantiq.fr/ark:/26678/crtSrWQs2w2KV,
AdlFI_PACA_2023_prepared.xml,Monieux – Aven des Planes 1,p2557,subjects,grotte,indexed_exact,,https://ark.frantiq.fr/ark:/26678/pcrtxKnfzXYMxK,
AdlFI_PACA_2023_prepared.xml,Monieux – Aven des Planes 1,p2557,subjects,os animal,indexed_exact,,https://ark.frantiq.fr/ark:/26678/pcrtxaAvFeoE3Z,
AdlFI_PACA_2023_prepared.xml,Monieux – Aven des Planes 1,p2558,chronology,Paléolithique,indexed_exact,,https://ark.frantiq.fr/ark:/26678/pcrtFS9v4PxyYL,
AdlFI_PACA_2023_prepared.xml,Monieux – Aven des Planes 1,p2558,chronology,Néolithique,indexed_exact,,https://ark.frantiq.fr/ark:/26678/pcrtH8P95EucZz,
AdlFI_PACA_2023_prepared.xml,Monieux – Aven des Planes 1,p2558,chronology,premier âge du Fer,indexed_typographic,premier âge du fer,https://ark.frantiq.fr/ark:/26678/pcrtS9zS3EMQiR,
AdlFI_PACA_2023_prepared.xml,Monieux – Aven des Planes 1,p2558,chronology,second âge du Fer,indexed_typographic,second âge du fer,https://ark.frantiq.fr/ark:/26678/pcrtxVmyWBbIQq,
AdlFI_PACA_2023_prepared.xml,Monieux – Aven des Planes 1,p2561,fieldwork_method,fouille programmée,indexed_exact,,https://ark.frantiq.fr/ark:/26678/crtSrWQs2w2KV,
AdlFI_PACA_2023_prepared.xml,Orange – Théâtre antique,p2575,subjects,théâtre,indexed_altlabel,théâtre (édifice),https://ark.frantiq.fr/ark:/26678/pcrtU6s8jjsWol,enrichissement effectué depuis un skos:altLabel français
AdlFI_PACA_2023_prepared.xml,Orange – Théâtre antique,p2575,subjects,cavea,indexed_altlabel,gradins,https://ark.frantiq.fr/ark:/26678/crtnfRBaJHwwp,enrichissement effectué depuis un skos:altLabel français
AdlFI_PACA_2023_prepared.xml,Orange – Théâtre antique,p2575,subjects,opus caementicium,indexed_exact,,https://ark.frantiq.fr/ark:/26678/pcrtXPJGzbvaRQ,
AdlFI_PACA_2023_prepared.xml,Orange – Théâtre antique,p2575,subjects,opus vittatum,indexed_exact,,https://ark.frantiq.fr/ark:/26678/pcrtubEInDoY47,
AdlFI_PACA_2023_prepared.xml,Orange – Théâtre antique,p2576,chronology,Haut-Empire romain,indexed_exact,,https://ark.frantiq.fr/ark:/26678/pcrtH5r3FYBpwe,
AdlFI_PACA_2023_prepared.xml,Orange – Théâtre antique,p2576,chronology,époque contemporaine,indexed_exact,,https://ark.frantiq.fr/ark:/26678/pcrt59R77d1H15,
AdlFI_PACA_2023_prepared.xml,Orange – Théâtre antique,p2580,fieldwork_method,projet collectif de recherche,indexed_exact,,https://ark.frantiq.fr/ark:/26678/crtqI2kNablQH,
AdlFI_PACA_2023_prepared.xml,Orange – Zone du Grenouillet,p2593,subjects,paléochenal,indexed_exact,,https://ark.frantiq.fr/ark:/26678/pcrtiMWSFc5fJ2,
AdlFI_PACA_2023_prepared.xml,Orange – Zone du Grenouillet,p2593,subjects,drain,indexed_exact,,https://ark.frantiq.fr/ark:/26678/pcrtthlTfnSHQp,
AdlFI_PACA_2023_prepared.xml,Orange – Zone du Grenouillet,p2594,chronology,Antiquité romaine,indexed_exact,,https://ark.frantiq.fr/ark:/26678/pcrtZTmusVUU24,
AdlFI_PACA_2023_prepared.xml,Orange – Zone du Grenouillet,p2594,chronology,Antiquité tardive,indexed_exact,,https://ark.frantiq.fr/ark:/26678/pcrtwopiLhK1Ek,
AdlFI_PACA_2023_prepared.xml,Orange – Zone du Grenouillet,p2598,fieldwork_method,opération de diagnostic,indexed_exact,,https://ark.frantiq.fr/ark:/26678/pcrtWWQS75V5Bc,
AdlFI_PACA_2023_prepared.xml,"Orange – RD 72, La Vieille Julienne",p2605,subjects,sépulture à inhumation,indexed_exact,,https://ark.frantiq.fr/ark:/26678/pcrt8p3mfhtf65,
AdlFI_PACA_2023_prepared.xml,"Orange – RD 72, La Vieille Julienne",p2609,fieldwork_method,opération de diagnostic,indexed_exact,,https://ark.frantiq.fr/ark:/26678/pcrtWWQS75V5Bc,
AdlFI_PACA_2023_prepared.xml,Piolenc – Église Saint-Pierre,p2616,subjects,église,indexed_exact,,https://ark.frantiq.fr/ark:/26678/pcrtoV7zLJpAfX,
AdlFI_PACA_2023_prepared.xml,Piolenc – Église Saint-Pierre,p2616,subjects,chapelle,indexed_exact,,https://ark.frantiq.fr/ark:/26678/pcrtXbnSYWENsu,
AdlFI_PACA_2023_prepared.xml,Piolenc – Église Saint-Pierre,p2616,subjects,sépulture à inhumation,indexed_exact,,https://ark.frantiq.fr/ark:/26678/pcrt8p3mfhtf65,
AdlFI_PACA_2023_prepared.xml,Piolenc – Église Saint-Pierre,p2617,chronology,Moyen Âge classique,indexed_typographic,Moyen Âge classique,https://ark.frantiq.fr/ark:/26678/pcrtAjWBVFSefH,
AdlFI_PACA_2023_prepared.xml,Piolenc – Église Saint-Pierre,p2617,chronology,époque moderne,indexed_exact,,https://ark.frantiq.fr/ark:/26678/pcrtPSEEZSBEJp,
AdlFI_PACA_2023_prepared.xml,Piolenc – Église Saint-Pierre,p2617,chronology,époque contemporaine,indexed_exact,,https://ark.frantiq.fr/ark:/26678/pcrt59R77d1H15,
AdlFI_PACA_2023_prepared.xml,Piolenc – Église Saint-Pierre,p2621,fieldwork_method,opération de diagnostic,indexed_exact,,https://ark.frantiq.fr/ark:/26678/pcrtWWQS75V5Bc,
AdlFI_PACA_2023_prepared.xml,Saignon – Les remparts,p2633,subjects,château,indexed_exact,,https://ark.frantiq.fr/ark:/26678/pcrtRFSvuXH6BD,
AdlFI_PACA_2023_prepared.xml,Saignon – Les remparts,p2633,subjects,rempart,indexed_exact,,https://ark.frantiq.fr/ark:/26678/pcrtMmh3cNfKb3,
AdlFI_PACA_2023_prepared.xml,Saignon – Les remparts,p2633,subjects,céramique protohistorique,not_found,,,"aucun prefLabel ou altLabel français actif, exact ou équivalent typographique unique ; XML laissé inchangé"
AdlFI_PACA_2023_prepared.xml,Saignon – Les remparts,p2633,subjects,céramique gallo-romaine,indexed_exact,,https://ark.frantiq.fr/ark:/26678/pcrtRSkVB0xGL9,
AdlFI_PACA_2023_prepared.xml,Saignon – Les remparts,p2634,chronology,Protohistoire,indexed_exact,,https://ark.frantiq.fr/ark:/26678/pcrtHlenwSnkDM,
AdlFI_PACA_2023_prepared.xml,Saignon – Les remparts,p2634,chronology,Antiquité romaine,indexed_exact,,https://ark.frantiq.fr/ark:/26678/pcrtZTmusVUU24,
AdlFI_PACA_2023_prepared.xml,Saignon – Les remparts,p2634,chronology,bas Moyen Âge,indexed_typographic,bas Moyen Âge,https://ark.frantiq.fr/ark:/26678/pcrtkWqzTusoxz,
AdlFI_PACA_2023_prepared.xml,Saignon – Les remparts,p2634,chronology,époque moderne,indexed_exact,,https://ark.frantiq.fr/ark:/26678/pcrtPSEEZSBEJp,
AdlFI_PACA_2023_prepared.xml,Saignon – Les remparts,p2638,fieldwork_method,opération de diagnostic,indexed_exact,,https://ark.frantiq.fr/ark:/26678/pcrtWWQS75V5Bc,
AdlFI_PACA_2023_prepared.xml,Saint-Martin-de-la-Brasque – Étude de la collection Charles Cotte,p2650,subjects,collection privée,indexed_exact,,https://ark.frantiq.fr/ark:/26678/pcrtGpZN2dSWe7,
AdlFI_PACA_2023_prepared.xml,Saint-Martin-de-la-Brasque – Étude de la collection Charles Cotte,p2650,subjects,hache polie,indexed_exact,,https://ark.frantiq.fr/ark:/26678/pcrtZo2oV1xEn0,
AdlFI_PACA_2023_prepared.xml,Saint-Martin-de-la-Brasque – Étude de la collection Charles Cotte,p2650,subjects,anneau,indexed_exact,,https://ark.frantiq.fr/ark:/26678/pcrtL41Ddfw4XO,
AdlFI_PACA_2023_prepared.xml,Saint-Martin-de-la-Brasque – Étude de la collection Charles Cotte,p2650,subjects,objet en matière dure animale,indexed_exact,,https://ark.frantiq.fr/ark:/26678/pcrtN1nPRZ3mUo,
AdlFI_PACA_2023_prepared.xml,Sorgues – Le Mourre de Sève,p2662,subjects,habitat,indexed_exact,,https://ark.frantiq.fr/ark:/26678/pcrtbptj4SOA1W,
AdlFI_PACA_2023_prepared.xml,Sorgues – Le Mourre de Sève,p2662,subjects,céramique protohistorique,not_found,,,"aucun prefLabel ou altLabel français actif, exact ou équivalent typographique unique ; XML laissé inchangé"
AdlFI_PACA_2023_prepared.xml,Sorgues – Le Mourre de Sève,p2663,chronology,âge du Fer,indexed_typographic,âge du fer,https://ark.frantiq.fr/ark:/26678/pcrtW9SpIgIk7Q,
AdlFI_PACA_2023_prepared.xml,Sorgues – Le Mourre de Sève,p2667,fieldwork_method,projet collectif de recherche,indexed_exact,,https://ark.frantiq.fr/ark:/26678/crtqI2kNablQH,
AdlFI_PACA_2023_prepared.xml,Le Thor – Place Verdun,p2680,subjects,rue,indexed_exact,,https://ark.frantiq.fr/ark:/26678/pcrt2SY3ROHAYV,
AdlFI_PACA_2023_prepared.xml,Le Thor – Place Verdun,p2680,subjects,parcellaire,indexed_exact,,https://ark.frantiq.fr/ark:/26678/pcrt3G8RooGUeu,
AdlFI_PACA_2023_prepared.xml,Le Thor – Place Verdun,p2680,subjects,maison,indexed_exact,,https://ark.frantiq.fr/ark:/26678/pcrtaGBUR5Ekx1,
AdlFI_PACA_2023_prepared.xml,Le Thor – Place Verdun,p2680,subjects,mur,indexed_exact,,https://ark.frantiq.fr/ark:/26678/pcrtIxHmbVwDYW,
AdlFI_PACA_2023_prepared.xml,Le Thor – Place Verdun,p2681,chronology,époque carolingienne,indexed_exact,,https://ark.frantiq.fr/ark:/26678/pcrtnJeQI8LVnr,
AdlFI_PACA_2023_prepared.xml,Le Thor – Place Verdun,p2681,chronology,Moyen Âge classique,indexed_typographic,Moyen Âge classique,https://ark.frantiq.fr/ark:/26678/pcrtAjWBVFSefH,
AdlFI_PACA_2023_prepared.xml,Le Thor – Place Verdun,p2681,chronology,bas Moyen Âge,indexed_typographic,bas Moyen Âge,https://ark.frantiq.fr/ark:/26678/pcrtkWqzTusoxz,
AdlFI_PACA_2023_prepared.xml,Le Thor – Place Verdun,p2681,chronology,époque moderne,indexed_exact,,https://ark.frantiq.fr/ark:/26678/pcrtPSEEZSBEJp,
AdlFI_PACA_2023_prepared.xml,Le Thor – Place Verdun,p2681,chronology,époque contemporaine,indexed_exact,,https://ark.frantiq.fr/ark:/26678/pcrt59R77d1H15,
AdlFI_PACA_2023_prepared.xml,Le Thor – Place Verdun,p2685,fieldwork_method,opération de diagnostic,indexed_exact,,https://ark.frantiq.fr/ark:/26678/pcrtWWQS75V5Bc,
AdlFI_PACA_2023_prepared.xml,Vaison-la-Romaine – Cathédrale nord,p2702,subjects,dépotoir,indexed_exact,,https://ark.frantiq.fr/ark:/26678/pcrteJiI6BxaFN,
AdlFI_PACA_2023_prepared.xml,Vaison-la-Romaine – Cathédrale nord,p2702,subjects,céramique gallo-romaine,indexed_exact,,https://ark.frantiq.fr/ark:/26678/pcrtRSkVB0xGL9,
AdlFI_PACA_2023_prepared.xml,Vaison-la-Romaine – Cathédrale nord,p2702,subjects,roche,indexed_exact,,https://ark.frantiq.fr/ark:/26678/pcrtSVdwKcS3MI,
AdlFI_PACA_2023_prepared.xml,Vaison-la-Romaine – Cathédrale nord,p2703,chronology,Bas-Empire romain,indexed_exact,,https://ark.frantiq.fr/ark:/26678/pcrt0auHUwTKix,
AdlFI_PACA_2023_prepared.xml,Vaison-la-Romaine – Cathédrale nord,p2703,chronology,Antiquité tardive,indexed_exact,,https://ark.frantiq.fr/ark:/26678/pcrtwopiLhK1Ek,
AdlFI_PACA_2023_prepared.xml,Vaison-la-Romaine – Cathédrale nord,p2707,fieldwork_method,prospection thématique,indexed_exact,,https://ark.frantiq.fr/ark:/26678/crtcYIBmBlBPH,
AdlFI_PACA_2023_prepared.xml,Vaison-la-Romaine – Rue Jean-Jaurès,p2726,subjects,cardo,indexed_exact,,https://ark.frantiq.fr/ark:/26678/pcrttS5ToD19OK,
AdlFI_PACA_2023_prepared.xml,Vaison-la-Romaine – Rue Jean-Jaurès,p2726,subjects,forum,indexed_exact,,https://ark.frantiq.fr/ark:/26678/pcrtqfG1QXGASz,
AdlFI_PACA_2023_prepared.xml,Vaison-la-Romaine – Rue Jean-Jaurès,p2726,subjects,mur,indexed_exact,,https://ark.frantiq.fr/ark:/26678/pcrtIxHmbVwDYW,
AdlFI_PACA_2023_prepared.xml,Vaison-la-Romaine – Rue Jean-Jaurès,p2726,subjects,trou de boulin,indexed_exact,,https://ark.frantiq.fr/ark:/26678/crtLvy980fR9a,
AdlFI_PACA_2023_prepared.xml,Vaison-la-Romaine – Rue Jean-Jaurès,p2726,subjects,sépulture à inhumation,indexed_exact,,https://ark.frantiq.fr/ark:/26678/pcrt8p3mfhtf65,
AdlFI_PACA_2023_prepared.xml,Vaison-la-Romaine – Rue Jean-Jaurès,p2726,subjects,tombe sous tuiles,indexed_exact,,https://ark.frantiq.fr/ark:/26678/pcrthimvauXNFz,
AdlFI_PACA_2023_prepared.xml,Vaison-la-Romaine – Rue Jean-Jaurès,p2727,chronology,Antiquité romaine,indexed_exact,,https://ark.frantiq.fr/ark:/26678/pcrtZTmusVUU24,
AdlFI_PACA_2023_prepared.xml,Vaison-la-Romaine – Rue Jean-Jaurès,p2727,chronology,Antiquité tardive,indexed_exact,,https://ark.frantiq.fr/ark:/26678/pcrtwopiLhK1Ek,
AdlFI_PACA_2023_prepared.xml,Vaison-la-Romaine – Rue Jean-Jaurès,p2731,fieldwork_method,opération de diagnostic,indexed_exact,,https://ark.frantiq.fr/ark:/26678/pcrtWWQS75V5Bc,
AdlFI_PACA_2023_prepared.xml,Présence de la lèpre en Provence,p2744,subjects,lèpre,indexed_exact,,https://ark.frantiq.fr/ark:/26678/pcrth8q7TnUry9,
AdlFI_PACA_2023_prepared.xml,Présence de la lèpre en Provence,p2744,subjects,léproserie,not_found,,,"aucun prefLabel ou altLabel français actif, exact ou équivalent typographique unique ; XML laissé inchangé"
AdlFI_PACA_2023_prepared.xml,Présence de la lèpre en Provence,p2745,chronology,bas Moyen Âge,indexed_typographic,bas Moyen Âge,https://ark.frantiq.fr/ark:/26678/pcrtkWqzTusoxz,
AdlFI_PACA_2023_prepared.xml,Présence de la lèpre en Provence,p2749,fieldwork_method,projet collectif de recherche,indexed_exact,,https://ark.frantiq.fr/ark:/26678/crtqI2kNablQH,
AdlFI_PACA_2023_prepared.xml,La Provence au Pléistocène supérieur,p2763,subjects,base de données,indexed_exact,,https://ark.frantiq.fr/ark:/26678/pcrt1t50zTAfPG,
AdlFI_PACA_2023_prepared.xml,La Provence au Pléistocène supérieur,p2763,subjects,abri,indexed_exact,,https://ark.frantiq.fr/ark:/26678/pcrtndtKYYInFs,
AdlFI_PACA_2023_prepared.xml,La Provence au Pléistocène supérieur,p2763,subjects,industrie lithique,indexed_exact,,https://ark.frantiq.fr/ark:/26678/pcrtbfqVEeganP,
AdlFI_PACA_2023_prepared.xml,La Provence au Pléistocène supérieur,p2763,subjects,os animal,indexed_exact,,https://ark.frantiq.fr/ark:/26678/pcrtxaAvFeoE3Z,
AdlFI_PACA_2023_prepared.xml,La Provence au Pléistocène supérieur,p2763,subjects,parure,indexed_exact,,https://ark.frantiq.fr/ark:/26678/pcrtNBrnOdttU9,
AdlFI_PACA_2023_prepared.xml,La Provence au Pléistocène supérieur,p2764,chronology,Paléolithique moyen,indexed_exact,,https://ark.frantiq.fr/ark:/26678/pcrtT7uGEJ3s0j,
AdlFI_PACA_2023_prepared.xml,La Provence au Pléistocène supérieur,p2764,chronology,Paléolithique récent,indexed_exact,,https://ark.frantiq.fr/ark:/26678/pcrt9U8BH9pVRu,
AdlFI_PACA_2023_prepared.xml,La Provence au Pléistocène supérieur,p2764,chronology,Mésolithique,indexed_exact,,https://ark.frantiq.fr/ark:/26678/pcrtNs85SfBRuH,
AdlFI_PACA_2023_prepared.xml,La Provence au Pléistocène supérieur,p2764,chronology,Néolithique,indexed_exact,,https://ark.frantiq.fr/ark:/26678/pcrtH8P95EucZz,
AdlFI_PACA_2023_prepared.xml,La Provence au Pléistocène supérieur,p2768,fieldwork_method,projet collectif de recherche,indexed_exact,,https://ark.frantiq.fr/ark:/26678/crtqI2kNablQH,
AdlFI_PACA_2023_prepared.xml,Graphein,p2789,subjects,art rupestre,indexed_exact,,https://ark.frantiq.fr/ark:/26678/pcrtET0l280TUS,
AdlFI_PACA_2023_prepared.xml,Graphein,p2789,subjects,peinture rupestre,indexed_exact,,https://ark.frantiq.fr/ark:/26678/pcrtGQAvQ8BYiP,
AdlFI_PACA_2023_prepared.xml,Graphein,p2789,subjects,gravure rupestre,indexed_exact,,https://ark.frantiq.fr/ark:/26678/pcrtIRzPnAq1Rj,
AdlFI_PACA_2023_prepared.xml,Graphein,p2790,chronology,Préhistoire,indexed_exact,,https://ark.frantiq.fr/ark:/26678/pcrtwpx5MU2hlw,
AdlFI_PACA_2023_prepared.xml,Graphein,p2794,fieldwork_method,projet collectif de recherche,indexed_exact,,https://ark.frantiq.fr/ark:/26678/crtqI2kNablQH,
